timestamp,gpu_index,power_watts,temp_c,gpu_util,vram_used_mb,sm_clock_mhz,mem_clock_mhz,pcie_gen,ecc_corrected_total,ecc_uncorrectable_total
2026-09-20T00:31:31.068524+00:00,0,78.89,33.0,0.0,1.0,345.0,3201.0,5.0,0.0,0.0
2026-09-20T00:31:31.068524+00:00,1,77.91,38.0,0.0,1.0,345.0,3201.0,5.0,0.0,0.0
2026-09-20T00:31:31.068524+00:00,2,78.08,36.0,0.0,1.0,345.0,3201.0,5.0,0.0,0.0
2026-09-20T00:31:31.068524+00:00,3,78.7,36.0,0.0,1.0,345.0,3201.0,5.0,0.0,0.0
2026-09-20T00:31:32.144880+00:00,0,78.9,33.0,0.0,1.0,345.0,3201.0,5.0,0.0,0.0
2026-09-20T00:31:32.144880+00:00,1,77.89,38.0,0.0,1.0,345.0,3201.0,5.0,0.0,0.0
2026-09-20T00:31:32.144880+00:00,2,78.07,36.0,0.0,1.0,345.0,3201.0,5.0,0.0,0.0
2026-09-20T00:31:32.144880+00:00,3,78.63,36.0,0.0,1.0,345.0,3201.0,5.0,0.0,0.0
2026-09-20T00:31:33.219859+00:00,0,78.9,33.0,0.0,1.0,345.0,3201.0,5.0,0.0,0.0
2026-09-20T00:31:33.219859+00:00,1,77.87,38.0,0.0,1.0,345.0,3201.0,5.0,0.0,0.0
2026-09-20T00:31:33.219859+00:00,2,78.04,36.0,0.0,1.0,345.0,3201.0,5.0,0.0,0.0
2026-09-20T00:31:33.219859+00:00,3,78.73,36.0,0.0,1.0,345.0,3201.0,5.0,0.0,0.0
2026-09-20T00:31:34.295535+00:00,0,78.93,33.0,0.0,1.0,345.0,3201.0,5.0,0.0,0.0
2026-09-20T00:31:34.295535+00:00,1,77.91,38.0,0.0,1.0,345.0,3201.0,5.0,0.0,0.0
2026-09-20T00:31:34.295535+00:00,2,78.05,36.0,0.0,1.0,345.0,3201.0,5.0,0.0,0.0
2026-09-20T00:31:34.295535+00:00,3,78.64,36.0,0.0,1.0,345.0,3201.0,5.0,0.0,0.0
2026-09-20T00:31:35.370143+00:00,0,78.93,33.0,0.0,1.0,345.0,3201.0,5.0,0.0,0.0
2026-09-20T00:31:35.370143+00:00,1,77.91,38.0,0.0,1.0,345.0,3201.0,5.0,0.0,0.0
2026-09-20T00:31:35.370143+00:00,2,78.06,36.0,0.0,1.0,345.0,3201.0,5.0,0.0,0.0
2026-09-20T00:31:35.370143+00:00,3,78.62,36.0,0.0,1.0,345.0,3201.0,5.0,0.0,0.0
2026-09-20T00:31:36.442662+00:00,0,78.92,33.0,0.0,1.0,345.0,3201.0,5.0,0.0,0.0
2026-09-20T00:31:36.442662+00:00,1,77.91,38.0,0.0,1.0,345.0,3201.0,5.0,0.0,0.0
2026-09-20T00:31:36.442662+00:00,2,78.07,36.0,0.0,1.0,345.0,3201.0,5.0,0.0,0.0
2026-09-20T00:31:36.442662+00:00,3,78.6,36.0,0.0,1.0,345.0,3201.0,5.0,0.0,0.0
2026-09-20T00:31:37.516586+00:00,0,78.95,33.0,0.0,1.0,345.0,3201.0,5.0,0.0,0.0
2026-09-20T00:31:37.516586+00:00,1,77.93,38.0,0.0,1.0,345.0,3201.0,5.0,0.0,0.0
2026-09-20T00:31:37.516586+00:00,2,78.04,35.0,0.0,1.0,345.0,3201.0,5.0,0.0,0.0
2026-09-20T00:31:37.516586+00:00,3,78.69,36.0,0.0,1.0,345.0,3201.0,5.0,0.0,0.0
2026-09-20T00:31:38.590488+00:00,0,78.96,33.0,0.0,1.0,345.0,3201.0,5.0,0.0,0.0
2026-09-20T00:31:38.590488+00:00,1,77.94,38.0,0.0,1.0,345.0,3201.0,5.0,0.0,0.0
2026-09-20T00:31:38.590488+00:00,2,78.02,35.0,0.0,1.0,345.0,3201.0,5.0,0.0,0.0
2026-09-20T00:31:38.590488+00:00,3,78.62,36.0,0.0,1.0,345.0,3201.0,5.0,0.0,0.0
2026-09-20T00:31:39.663745+00:00,0,78.94,33.0,0.0,1.0,345.0,3201.0,5.0,0.0,0.0
2026-09-20T00:31:39.663745+00:00,1,77.92,38.0,0.0,1.0,345.0,3201.0,5.0,0.0,0.0
2026-09-20T00:31:39.663745+00:00,2,78.03,36.0,0.0,1.0,345.0,3201.0,5.0,0.0,0.0
2026-09-20T00:31:39.663745+00:00,3,78.62,36.0,0.0,1.0,345.0,3201.0,5.0,0.0,0.0
2026-09-20T00:31:40.737226+00:00,0,78.94,33.0,0.0,1.0,345.0,3201.0,5.0,0.0,0.0
2026-09-20T00:31:40.737226+00:00,1,77.93,38.0,0.0,1.0,345.0,3201.0,5.0,0.0,0.0
2026-09-20T00:31:40.737226+00:00,2,78.08,35.0,0.0,1.0,345.0,3201.0,5.0,0.0,0.0
2026-09-20T00:31:40.737226+00:00,3,78.7,36.0,0.0,1.0,345.0,3201.0,5.0,0.0,0.0
2026-09-20T00:31:41.810605+00:00,0,78.95,33.0,0.0,1.0,345.0,3201.0,5.0,0.0,0.0
2026-09-20T00:31:41.810605+00:00,1,77.9,38.0,0.0,1.0,345.0,3201.0,5.0,0.0,0.0
2026-09-20T00:31:41.810605+00:00,2,78.06,35.0,0.0,1.0,345.0,3201.0,5.0,0.0,0.0
2026-09-20T00:31:41.810605+00:00,3,78.67,36.0,0.0,1.0,345.0,3201.0,5.0,0.0,0.0
2026-09-20T00:31:42.883670+00:00,0,78.93,33.0,0.0,1.0,345.0,3201.0,5.0,0.0,0.0
2026-09-20T00:31:42.883670+00:00,1,77.92,38.0,0.0,1.0,345.0,3201.0,5.0,0.0,0.0
2026-09-20T00:31:42.883670+00:00,2,78.05,35.0,0.0,1.0,345.0,3201.0,5.0,0.0,0.0
2026-09-20T00:31:42.883670+00:00,3,78.66,36.0,0.0,1.0,345.0,3201.0,5.0,0.0,0.0
2026-09-20T00:31:43.956459+00:00,0,78.94,33.0,0.0,1.0,345.0,3201.0,5.0,0.0,0.0
2026-09-20T00:31:43.956459+00:00,1,77.9,38.0,0.0,1.0,345.0,3201.0,5.0,0.0,0.0
2026-09-20T00:31:43.956459+00:00,2,78.04,35.0,0.0,1.0,345.0,3201.0,5.0,0.0,0.0
2026-09-20T00:31:43.956459+00:00,3,78.6,36.0,0.0,1.0,345.0,3201.0,5.0,0.0,0.0
2026-09-20T00:31:45.029361+00:00,0,78.98,33.0,0.0,1.0,345.0,3201.0,5.0,0.0,0.0
2026-09-20T00:31:45.029361+00:00,1,77.89,38.0,0.0,1.0,345.0,3201.0,5.0,0.0,0.0
2026-09-20T00:31:45.029361+00:00,2,78.03,35.0,0.0,1.0,345.0,3201.0,5.0,0.0,0.0
2026-09-20T00:31:45.029361+00:00,3,78.61,36.0,0.0,1.0,345.0,3201.0,5.0,0.0,0.0
2026-09-20T00:31:46.102635+00:00,0,78.95,33.0,0.0,1.0,345.0,3201.0,5.0,0.0,0.0
2026-09-20T00:31:46.102635+00:00,1,77.87,38.0,0.0,1.0,345.0,3201.0,5.0,0.0,0.0
2026-09-20T00:31:46.102635+00:00,2,78.03,35.0,0.0,1.0,345.0,3201.0,5.0,0.0,0.0
2026-09-20T00:31:46.102635+00:00,3,78.64,36.0,0.0,1.0,345.0,3201.0,5.0,0.0,0.0
2026-09-20T00:31:47.176799+00:00,0,78.94,33.0,0.0,1.0,345.0,3201.0,5.0,0.0,0.0
2026-09-20T00:31:47.176799+00:00,1,77.94,38.0,0.0,1.0,345.0,3201.0,5.0,0.0,0.0
2026-09-20T00:31:47.176799+00:00,2,78.02,35.0,0.0,1.0,345.0,3201.0,5.0,0.0,0.0
2026-09-20T00:31:47.176799+00:00,3,78.6,36.0,0.0,1.0,345.0,3201.0,5.0,0.0,0.0
2026-09-20T00:31:48.251174+00:00,0,78.98,33.0,0.0,1.0,345.0,3201.0,5.0,0.0,0.0
2026-09-20T00:31:48.251174+00:00,1,77.92,38.0,0.0,1.0,345.0,3201.0,5.0,0.0,0.0
2026-09-20T00:31:48.251174+00:00,2,78.03,35.0,0.0,1.0,345.0,3201.0,5.0,0.0,0.0
2026-09-20T00:31:48.251174+00:00,3,78.6,36.0,0.0,1.0,345.0,3201.0,5.0,0.0,0.0
2026-09-20T00:31:49.323720+00:00,0,78.94,33.0,0.0,1.0,345.0,3201.0,5.0,0.0,0.0
2026-09-20T00:31:49.323720+00:00,1,77.9,38.0,0.0,1.0,345.0,3201.0,5.0,0.0,0.0
2026-09-20T00:31:49.323720+00:00,2,78.02,35.0,0.0,1.0,345.0,3201.0,5.0,0.0,0.0
2026-09-20T00:31:49.323720+00:00,3,78.58,36.0,0.0,1.0,345.0,3201.0,5.0,0.0,0.0
2026-09-20T00:31:50.397003+00:00,0,78.93,33.0,0.0,1.0,345.0,3201.0,5.0,0.0,0.0
2026-09-20T00:31:50.397003+00:00,1,77.9,38.0,0.0,1.0,345.0,3201.0,5.0,0.0,0.0
2026-09-20T00:31:50.397003+00:00,2,78.0,35.0,0.0,1.0,345.0,3201.0,5.0,0.0,0.0
2026-09-20T00:31:50.397003+00:00,3,78.56,36.0,0.0,1.0,345.0,3201.0,5.0,0.0,0.0
2026-09-20T00:31:51.470590+00:00,0,78.94,33.0,0.0,1.0,345.0,3201.0,5.0,0.0,0.0
2026-09-20T00:31:51.470590+00:00,1,77.9,38.0,0.0,1.0,345.0,3201.0,5.0,0.0,0.0
2026-09-20T00:31:51.470590+00:00,2,78.02,35.0,0.0,1.0,345.0,3201.0,5.0,0.0,0.0
2026-09-20T00:31:51.470590+00:00,3,78.6,36.0,0.0,1.0,345.0,3201.0,5.0,0.0,0.0
2026-09-20T00:31:52.546668+00:00,0,78.96,33.0,0.0,1.0,345.0,3201.0,5.0,0.0,0.0
2026-09-20T00:31:52.546668+00:00,1,77.95,38.0,0.0,1.0,345.0,3201.0,5.0,0.0,0.0
2026-09-20T00:31:52.546668+00:00,2,78.0,35.0,0.0,1.0,345.0,3201.0,5.0,0.0,0.0
2026-09-20T00:31:52.546668+00:00,3,78.54,36.0,0.0,1.0,345.0,3201.0,5.0,0.0,0.0
2026-09-20T00:31:53.620363+00:00,0,78.91,33.0,0.0,1.0,345.0,3201.0,5.0,0.0,0.0
2026-09-20T00:31:53.620363+00:00,1,77.89,38.0,0.0,1.0,345.0,3201.0,5.0,0.0,0.0
2026-09-20T00:31:53.620363+00:00,2,77.98,35.0,0.0,1.0,345.0,3201.0,5.0,0.0,0.0
2026-09-20T00:31:53.620363+00:00,3,78.56,36.0,0.0,1.0,345.0,3201.0,5.0,0.0,0.0
2026-09-20T00:31:54.693910+00:00,0,78.93,33.0,0.0,1.0,345.0,3201.0,5.0,0.0,0.0
2026-09-20T00:31:54.693910+00:00,1,77.89,38.0,0.0,1.0,345.0,3201.0,5.0,0.0,0.0
2026-09-20T00:31:54.693910+00:00,2,77.96,35.0,0.0,1.0,345.0,3201.0,5.0,0.0,0.0
2026-09-20T00:31:54.693910+00:00,3,78.59,36.0,0.0,1.0,345.0,3201.0,5.0,0.0,0.0
2026-09-20T00:31:55.770138+00:00,0,78.89,33.0,0.0,1.0,345.0,3201.0,5.0,0.0,0.0
2026-09-20T00:31:55.770138+00:00,1,77.88,38.0,0.0,1.0,345.0,3201.0,5.0,0.0,0.0
2026-09-20T00:31:55.770138+00:00,2,77.99,35.0,0.0,1.0,345.0,3201.0,5.0,0.0,0.0
2026-09-20T00:31:55.770138+00:00,3,78.66,36.0,0.0,1.0,345.0,3201.0,5.0,0.0,0.0
2026-09-20T00:31:56.843797+00:00,0,78.87,33.0,0.0,1.0,345.0,3201.0,5.0,0.0,0.0
2026-09-20T00:31:56.843797+00:00,1,77.89,38.0,0.0,1.0,345.0,3201.0,5.0,0.0,0.0
2026-09-20T00:31:56.843797+00:00,2,77.91,35.0,0.0,1.0,345.0,3201.0,5.0,0.0,0.0
2026-09-20T00:31:56.843797+00:00,3,78.61,36.0,0.0,1.0,345.0,3201.0,5.0,0.0,0.0
2026-09-20T00:31:57.917383+00:00,0,78.81,33.0,0.0,1.0,345.0,3201.0,5.0,0.0,0.0
2026-09-20T00:31:57.917383+00:00,1,77.86,38.0,0.0,1.0,345.0,3201.0,5.0,0.0,0.0
2026-09-20T00:31:57.917383+00:00,2,77.94,35.0,0.0,1.0,345.0,3201.0,5.0,0.0,0.0
2026-09-20T00:31:57.917383+00:00,3,78.64,36.0,0.0,1.0,345.0,3201.0,5.0,0.0,0.0
2026-09-20T00:31:58.990498+00:00,0,78.8,33.0,0.0,1.0,345.0,3201.0,5.0,0.0,0.0
2026-09-20T00:31:58.990498+00:00,1,77.86,38.0,0.0,1.0,345.0,3201.0,5.0,0.0,0.0
2026-09-20T00:31:58.990498+00:00,2,77.9,35.0,0.0,1.0,345.0,3201.0,5.0,0.0,0.0
2026-09-20T00:31:58.990498+00:00,3,78.68,36.0,0.0,1.0,345.0,3201.0,5.0,0.0,0.0
2026-09-20T00:32:00.065478+00:00,0,78.8,33.0,0.0,1.0,345.0,3201.0,5.0,0.0,0.0
2026-09-20T00:32:00.065478+00:00,1,77.83,38.0,0.0,1.0,345.0,3201.0,5.0,0.0,0.0
2026-09-20T00:32:00.065478+00:00,2,77.88,35.0,0.0,1.0,345.0,3201.0,5.0,0.0,0.0
2026-09-20T00:32:00.065478+00:00,3,78.69,36.0,0.0,1.0,345.0,3201.0,5.0,0.0,0.0
2026-09-20T00:32:01.138660+00:00,0,78.8,33.0,0.0,1.0,345.0,3201.0,5.0,0.0,0.0
2026-09-20T00:32:01.138660+00:00,1,77.85,38.0,0.0,1.0,345.0,3201.0,5.0,0.0,0.0
2026-09-20T00:32:01.138660+00:00,2,77.9,35.0,0.0,1.0,345.0,3201.0,5.0,0.0,0.0
2026-09-20T00:32:01.138660+00:00,3,78.53,36.0,0.0,1.0,345.0,3201.0,5.0,0.0,0.0
2026-09-20T00:32:02.213073+00:00,0,78.82,33.0,0.0,1.0,345.0,3201.0,5.0,0.0,0.0
2026-09-20T00:32:02.213073+00:00,1,77.83,38.0,0.0,1.0,345.0,3201.0,5.0,0.0,0.0
2026-09-20T00:32:02.213073+00:00,2,77.9,35.0,0.0,1.0,345.0,3201.0,5.0,0.0,0.0
2026-09-20T00:32:02.213073+00:00,3,78.55,36.0,0.0,1.0,345.0,3201.0,5.0,0.0,0.0
2026-09-20T00:32:03.287037+00:00,0,78.79,33.0,0.0,1.0,345.0,3201.0,5.0,0.0,0.0
2026-09-20T00:32:03.287037+00:00,1,77.86,37.0,0.0,1.0,345.0,3201.0,5.0,0.0,0.0
2026-09-20T00:32:03.287037+00:00,2,77.91,35.0,0.0,1.0,345.0,3201.0,5.0,0.0,0.0
2026-09-20T00:32:03.287037+00:00,3,78.51,36.0,0.0,1.0,345.0,3201.0,5.0,0.0,0.0
2026-09-20T00:32:04.367639+00:00,0,78.82,33.0,0.0,1.0,345.0,3201.0,5.0,0.0,0.0
2026-09-20T00:32:04.367639+00:00,1,77.84,37.0,0.0,1.0,345.0,3201.0,5.0,0.0,0.0
2026-09-20T00:32:04.367639+00:00,2,77.9,35.0,0.0,1.0,345.0,3201.0,5.0,0.0,0.0
2026-09-20T00:32:04.367639+00:00,3,78.63,36.0,0.0,1.0,345.0,3201.0,5.0,0.0,0.0
2026-09-20T00:32:05.442692+00:00,0,78.86,33.0,0.0,1.0,345.0,3201.0,5.0,0.0,0.0
2026-09-20T00:32:05.442692+00:00,1,77.84,37.0,0.0,1.0,345.0,3201.0,5.0,0.0,0.0
2026-09-20T00:32:05.442692+00:00,2,77.91,35.0,0.0,1.0,345.0,3201.0,5.0,0.0,0.0
2026-09-20T00:32:05.442692+00:00,3,78.51,36.0,0.0,1.0,345.0,3201.0,5.0,0.0,0.0
2026-09-20T00:32:06.515516+00:00,0,78.87,33.0,0.0,1.0,345.0,3201.0,5.0,0.0,0.0
2026-09-20T00:32:06.515516+00:00,1,77.85,37.0,0.0,1.0,345.0,3201.0,5.0,0.0,0.0
2026-09-20T00:32:06.515516+00:00,2,77.89,35.0,0.0,1.0,345.0,3201.0,5.0,0.0,0.0
2026-09-20T00:32:06.515516+00:00,3,78.57,36.0,0.0,1.0,345.0,3201.0,5.0,0.0,0.0
2026-09-20T00:32:07.590115+00:00,0,78.86,33.0,0.0,1.0,345.0,3201.0,5.0,0.0,0.0
2026-09-20T00:32:07.590115+00:00,1,77.84,37.0,0.0,1.0,345.0,3201.0,5.0,0.0,0.0
2026-09-20T00:32:07.590115+00:00,2,77.9,35.0,0.0,1.0,345.0,3201.0,5.0,0.0,0.0
2026-09-20T00:32:07.590115+00:00,3,78.68,36.0,0.0,1.0,345.0,3201.0,5.0,0.0,0.0
2026-09-20T00:32:08.662708+00:00,0,78.86,33.0,0.0,1.0,345.0,3201.0,5.0,0.0,0.0
2026-09-20T00:32:08.662708+00:00,1,77.83,37.0,0.0,1.0,345.0,3201.0,5.0,0.0,0.0
2026-09-20T00:32:08.662708+00:00,2,77.89,35.0,0.0,1.0,345.0,3201.0,5.0,0.0,0.0
2026-09-20T00:32:08.662708+00:00,3,78.62,36.0,0.0,1.0,345.0,3201.0,5.0,0.0,0.0
2026-09-20T00:32:09.735848+00:00,0,78.79,33.0,0.0,1.0,345.0,3201.0,5.0,0.0,0.0
2026-09-20T00:32:09.735848+00:00,1,77.82,37.0,0.0,1.0,345.0,3201.0,5.0,0.0,0.0
2026-09-20T00:32:09.735848+00:00,2,77.9,35.0,0.0,1.0,345.0,3201.0,5.0,0.0,0.0
2026-09-20T00:32:09.735848+00:00,3,78.62,36.0,0.0,1.0,345.0,3201.0,5.0,0.0,0.0
2026-09-20T00:32:10.809448+00:00,0,78.76,33.0,0.0,1.0,345.0,3201.0,5.0,0.0,0.0
2026-09-20T00:32:10.809448+00:00,1,77.82,37.0,0.0,1.0,345.0,3201.0,5.0,0.0,0.0
2026-09-20T00:32:10.809448+00:00,2,77.88,35.0,0.0,1.0,345.0,3201.0,5.0,0.0,0.0
2026-09-20T00:32:10.809448+00:00,3,78.6,36.0,0.0,1.0,345.0,3201.0,5.0,0.0,0.0
2026-09-20T00:32:11.882241+00:00,0,78.79,33.0,0.0,1.0,345.0,3201.0,5.0,0.0,0.0
2026-09-20T00:32:11.882241+00:00,1,77.82,37.0,0.0,1.0,345.0,3201.0,5.0,0.0,0.0
2026-09-20T00:32:11.882241+00:00,2,77.85,35.0,0.0,1.0,345.0,3201.0,5.0,0.0,0.0
2026-09-20T00:32:11.882241+00:00,3,78.53,36.0,0.0,1.0,345.0,3201.0,5.0,0.0,0.0
2026-09-20T00:32:12.956459+00:00,0,78.74,33.0,0.0,1.0,345.0,3201.0,5.0,0.0,0.0
2026-09-20T00:32:12.956459+00:00,1,77.79,37.0,0.0,1.0,345.0,3201.0,5.0,0.0,0.0
2026-09-20T00:32:12.956459+00:00,2,77.82,35.0,0.0,1.0,345.0,3201.0,5.0,0.0,0.0
2026-09-20T00:32:12.956459+00:00,3,78.48,36.0,0.0,1.0,345.0,3201.0,5.0,0.0,0.0
2026-09-20T00:32:14.031674+00:00,0,78.74,33.0,0.0,1.0,345.0,3201.0,5.0,0.0,0.0
2026-09-20T00:32:14.031674+00:00,1,77.79,37.0,0.0,1.0,345.0,3201.0,5.0,0.0,0.0
2026-09-20T00:32:14.031674+00:00,2,77.82,35.0,0.0,1.0,345.0,3201.0,5.0,0.0,0.0
2026-09-20T00:32:14.031674+00:00,3,78.5,36.0,0.0,1.0,345.0,3201.0,5.0,0.0,0.0
2026-09-20T00:32:15.104461+00:00,0,78.74,33.0,0.0,1.0,345.0,3201.0,5.0,0.0,0.0
2026-09-20T00:32:15.104461+00:00,1,77.81,37.0,0.0,1.0,345.0,3201.0,5.0,0.0,0.0
2026-09-20T00:32:15.104461+00:00,2,77.82,35.0,0.0,1.0,345.0,3201.0,5.0,0.0,0.0
2026-09-20T00:32:15.104461+00:00,3,78.53,36.0,0.0,1.0,345.0,3201.0,5.0,0.0,0.0
2026-09-20T00:32:16.176980+00:00,0,78.73,33.0,0.0,1.0,345.0,3201.0,5.0,0.0,0.0
2026-09-20T00:32:16.176980+00:00,1,77.81,37.0,0.0,1.0,345.0,3201.0,5.0,0.0,0.0
2026-09-20T00:32:16.176980+00:00,2,77.79,35.0,0.0,1.0,345.0,3201.0,5.0,0.0,0.0
2026-09-20T00:32:16.176980+00:00,3,78.45,36.0,0.0,1.0,345.0,3201.0,5.0,0.0,0.0
2026-09-20T00:32:17.253502+00:00,0,78.69,32.0,0.0,1.0,345.0,3201.0,5.0,0.0,0.0
2026-09-20T00:32:17.253502+00:00,1,77.75,37.0,0.0,1.0,345.0,3201.0,5.0,0.0,0.0
2026-09-20T00:32:17.253502+00:00,2,77.79,35.0,0.0,1.0,345.0,3201.0,5.0,0.0,0.0
2026-09-20T00:32:17.253502+00:00,3,78.46,36.0,0.0,1.0,345.0,3201.0,5.0,0.0,0.0
2026-09-20T00:32:18.326864+00:00,0,78.73,32.0,0.0,1.0,345.0,3201.0,5.0,0.0,0.0
2026-09-20T00:32:18.326864+00:00,1,77.71,37.0,0.0,1.0,345.0,3201.0,5.0,0.0,0.0
2026-09-20T00:32:18.326864+00:00,2,77.8,35.0,0.0,1.0,345.0,3201.0,5.0,0.0,0.0
2026-09-20T00:32:18.326864+00:00,3,78.57,36.0,0.0,1.0,345.0,3201.0,5.0,0.0,0.0
2026-09-20T00:32:19.401245+00:00,0,78.67,32.0,0.0,1.0,345.0,3201.0,5.0,0.0,0.0
2026-09-20T00:32:19.401245+00:00,1,77.76,37.0,0.0,1.0,345.0,3201.0,5.0,0.0,0.0
2026-09-20T00:32:19.401245+00:00,2,77.79,35.0,0.0,1.0,345.0,3201.0,5.0,0.0,0.0
2026-09-20T00:32:19.401245+00:00,3,78.56,36.0,0.0,1.0,345.0,3201.0,5.0,0.0,0.0
2026-09-20T00:32:20.474204+00:00,0,78.66,32.0,0.0,1.0,345.0,3201.0,5.0,0.0,0.0
2026-09-20T00:32:20.474204+00:00,1,77.76,37.0,0.0,1.0,345.0,3201.0,5.0,0.0,0.0
2026-09-20T00:32:20.474204+00:00,2,77.78,35.0,0.0,1.0,345.0,3201.0,5.0,0.0,0.0
2026-09-20T00:32:20.474204+00:00,3,78.44,36.0,0.0,1.0,345.0,3201.0,5.0,0.0,0.0
2026-09-20T00:32:21.548593+00:00,0,78.68,32.0,0.0,1.0,345.0,3201.0,5.0,0.0,0.0
2026-09-20T00:32:21.548593+00:00,1,77.76,37.0,0.0,1.0,345.0,3201.0,5.0,0.0,0.0
2026-09-20T00:32:21.548593+00:00,2,77.75,35.0,0.0,1.0,345.0,3201.0,5.0,0.0,0.0
2026-09-20T00:32:21.548593+00:00,3,78.49,36.0,0.0,1.0,345.0,3201.0,5.0,0.0,0.0
2026-09-20T00:32:22.622549+00:00,0,78.64,32.0,0.0,1.0,345.0,3201.0,5.0,0.0,0.0
2026-09-20T00:32:22.622549+00:00,1,77.73,37.0,0.0,1.0,345.0,3201.0,5.0,0.0,0.0
2026-09-20T00:32:22.622549+00:00,2,77.77,35.0,0.0,1.0,345.0,3201.0,5.0,0.0,0.0
2026-09-20T00:32:22.622549+00:00,3,78.45,36.0,0.0,1.0,345.0,3201.0,5.0,0.0,0.0
2026-09-20T00:32:23.696384+00:00,0,78.64,32.0,0.0,1.0,345.0,3201.0,5.0,0.0,0.0
2026-09-20T00:32:23.696384+00:00,1,77.75,37.0,0.0,1.0,345.0,3201.0,5.0,0.0,0.0
2026-09-20T00:32:23.696384+00:00,2,77.76,35.0,0.0,1.0,345.0,3201.0,5.0,0.0,0.0
2026-09-20T00:32:23.696384+00:00,3,78.47,36.0,0.0,1.0,345.0,3201.0,5.0,0.0,0.0
2026-09-20T00:32:24.769706+00:00,0,78.65,32.0,0.0,1.0,345.0,3201.0,5.0,0.0,0.0
2026-09-20T00:32:24.769706+00:00,1,77.73,37.0,0.0,1.0,345.0,3201.0,5.0,0.0,0.0
2026-09-20T00:32:24.769706+00:00,2,77.78,35.0,0.0,1.0,345.0,3201.0,5.0,0.0,0.0
2026-09-20T00:32:24.769706+00:00,3,78.47,36.0,0.0,1.0,345.0,3201.0,5.0,0.0,0.0
2026-09-20T00:32:25.844495+00:00,0,78.66,32.0,0.0,1.0,345.0,3201.0,5.0,0.0,0.0
2026-09-20T00:32:25.844495+00:00,1,77.73,37.0,0.0,1.0,345.0,3201.0,5.0,0.0,0.0
2026-09-20T00:32:25.844495+00:00,2,77.77,35.0,0.0,1.0,345.0,3201.0,5.0,0.0,0.0
2026-09-20T00:32:25.844495+00:00,3,78.47,36.0,0.0,1.0,345.0,3201.0,5.0,0.0,0.0
2026-09-20T00:32:26.918632+00:00,0,78.63,32.0,0.0,1.0,345.0,3201.0,5.0,0.0,0.0
2026-09-20T00:32:26.918632+00:00,1,77.7,37.0,0.0,1.0,345.0,3201.0,5.0,0.0,0.0
2026-09-20T00:32:26.918632+00:00,2,77.78,35.0,0.0,1.0,345.0,3201.0,5.0,0.0,0.0
2026-09-20T00:32:26.918632+00:00,3,78.53,36.0,0.0,1.0,345.0,3201.0,5.0,0.0,0.0
2026-09-20T00:32:27.990511+00:00,0,78.67,32.0,0.0,1.0,345.0,3201.0,5.0,0.0,0.0
2026-09-20T00:32:27.990511+00:00,1,77.7,37.0,0.0,1.0,345.0,3201.0,5.0,0.0,0.0
2026-09-20T00:32:27.990511+00:00,2,77.76,35.0,0.0,1.0,345.0,3201.0,5.0,0.0,0.0
2026-09-20T00:32:27.990511+00:00,3,78.53,36.0,0.0,1.0,345.0,3201.0,5.0,0.0,0.0
2026-09-20T00:32:29.063470+00:00,0,78.66,32.0,0.0,1.0,345.0,3201.0,5.0,0.0,0.0
2026-09-20T00:32:29.063470+00:00,1,77.68,37.0,0.0,1.0,345.0,3201.0,5.0,0.0,0.0
2026-09-20T00:32:29.063470+00:00,2,77.79,35.0,0.0,1.0,345.0,3201.0,5.0,0.0,0.0
2026-09-20T00:32:29.063470+00:00,3,78.5,36.0,0.0,1.0,345.0,3201.0,5.0,0.0,0.0
2026-09-20T00:32:30.135806+00:00,0,78.63,32.0,0.0,1.0,345.0,3201.0,5.0,0.0,0.0
2026-09-20T00:32:30.135806+00:00,1,77.68,37.0,0.0,1.0,345.0,3201.0,5.0,0.0,0.0
2026-09-20T00:32:30.135806+00:00,2,77.74,35.0,0.0,1.0,345.0,3201.0,5.0,0.0,0.0
2026-09-20T00:32:30.135806+00:00,3,78.47,36.0,0.0,1.0,345.0,3201.0,5.0,0.0,0.0
2026-09-20T00:32:31.209087+00:00,0,78.67,32.0,0.0,1.0,345.0,3201.0,5.0,0.0,0.0
2026-09-20T00:32:31.209087+00:00,1,77.67,37.0,0.0,1.0,345.0,3201.0,5.0,0.0,0.0
2026-09-20T00:32:31.209087+00:00,2,77.74,35.0,0.0,1.0,345.0,3201.0,5.0,0.0,0.0
2026-09-20T00:32:31.209087+00:00,3,78.52,36.0,0.0,1.0,345.0,3201.0,5.0,0.0,0.0
2026-09-20T00:32:32.288725+00:00,0,78.68,32.0,0.0,1.0,345.0,3201.0,5.0,0.0,0.0
2026-09-20T00:32:32.288725+00:00,1,77.71,37.0,0.0,1.0,345.0,3201.0,5.0,0.0,0.0
2026-09-20T00:32:32.288725+00:00,2,77.76,35.0,0.0,1.0,345.0,3201.0,5.0,0.0,0.0
2026-09-20T00:32:32.288725+00:00,3,78.56,36.0,0.0,1.0,345.0,3201.0,5.0,0.0,0.0
2026-09-20T00:32:33.366142+00:00,0,78.69,33.0,0.0,1.0,345.0,3201.0,5.0,0.0,0.0
2026-09-20T00:32:33.366142+00:00,1,77.68,37.0,0.0,1.0,345.0,3201.0,5.0,0.0,0.0
2026-09-20T00:32:33.366142+00:00,2,77.81,35.0,0.0,1.0,345.0,3201.0,5.0,0.0,0.0
2026-09-20T00:32:33.366142+00:00,3,78.49,36.0,0.0,1.0,345.0,3201.0,5.0,0.0,0.0
2026-09-20T00:32:34.439038+00:00,0,78.73,33.0,0.0,1.0,345.0,3201.0,5.0,0.0,0.0
2026-09-20T00:32:34.439038+00:00,1,77.69,37.0,0.0,1.0,345.0,3201.0,5.0,0.0,0.0
2026-09-20T00:32:34.439038+00:00,2,77.81,35.0,0.0,1.0,345.0,3201.0,5.0,0.0,0.0
2026-09-20T00:32:34.439038+00:00,3,78.54,36.0,0.0,1.0,345.0,3201.0,5.0,0.0,0.0
2026-09-20T00:32:35.512848+00:00,0,78.75,33.0,0.0,1.0,345.0,3201.0,5.0,0.0,0.0
2026-09-20T00:32:35.512848+00:00,1,77.71,37.0,0.0,1.0,345.0,3201.0,5.0,0.0,0.0
2026-09-20T00:32:35.512848+00:00,2,77.83,35.0,0.0,1.0,345.0,3201.0,5.0,0.0,0.0
2026-09-20T00:32:35.512848+00:00,3,78.51,36.0,0.0,1.0,345.0,3201.0,5.0,0.0,0.0
2026-09-20T00:32:36.585952+00:00,0,78.74,33.0,0.0,1.0,345.0,3201.0,5.0,0.0,0.0
2026-09-20T00:32:36.585952+00:00,1,77.69,37.0,0.0,1.0,345.0,3201.0,5.0,0.0,0.0
2026-09-20T00:32:36.585952+00:00,2,77.83,35.0,0.0,1.0,345.0,3201.0,5.0,0.0,0.0
2026-09-20T00:32:36.585952+00:00,3,78.51,36.0,0.0,1.0,345.0,3201.0,5.0,0.0,0.0
2026-09-20T00:32:37.659851+00:00,0,78.81,33.0,0.0,1.0,345.0,3201.0,5.0,0.0,0.0
2026-09-20T00:32:37.659851+00:00,1,77.71,37.0,0.0,1.0,345.0,3201.0,5.0,0.0,0.0
2026-09-20T00:32:37.659851+00:00,2,77.79,35.0,0.0,1.0,345.0,3201.0,5.0,0.0,0.0
2026-09-20T00:32:37.659851+00:00,3,78.5,36.0,0.0,1.0,345.0,3201.0,5.0,0.0,0.0
2026-09-20T00:32:38.734851+00:00,0,78.81,33.0,0.0,1.0,345.0,3201.0,5.0,0.0,0.0
2026-09-20T00:32:38.734851+00:00,1,77.71,37.0,0.0,1.0,345.0,3201.0,5.0,0.0,0.0
2026-09-20T00:32:38.734851+00:00,2,77.83,35.0,0.0,1.0,345.0,3201.0,5.0,0.0,0.0
2026-09-20T00:32:38.734851+00:00,3,78.53,36.0,0.0,1.0,345.0,3201.0,5.0,0.0,0.0
2026-09-20T00:32:39.807734+00:00,0,78.81,33.0,0.0,1.0,345.0,3201.0,5.0,0.0,0.0
2026-09-20T00:32:39.807734+00:00,1,77.71,37.0,0.0,1.0,345.0,3201.0,5.0,0.0,0.0
2026-09-20T00:32:39.807734+00:00,2,77.8,35.0,0.0,1.0,345.0,3201.0,5.0,0.0,0.0
2026-09-20T00:32:39.807734+00:00,3,78.5,36.0,0.0,1.0,345.0,3201.0,5.0,0.0,0.0
2026-09-20T00:32:40.880792+00:00,0,78.86,33.0,0.0,1.0,345.0,3201.0,5.0,0.0,0.0
2026-09-20T00:32:40.880792+00:00,1,77.68,37.0,0.0,1.0,345.0,3201.0,5.0,0.0,0.0
2026-09-20T00:32:40.880792+00:00,2,77.83,35.0,0.0,1.0,345.0,3201.0,5.0,0.0,0.0
2026-09-20T00:32:40.880792+00:00,3,78.5,36.0,0.0,1.0,345.0,3201.0,5.0,0.0,0.0
2026-09-20T00:32:41.954273+00:00,0,78.88,33.0,0.0,1.0,345.0,3201.0,5.0,0.0,0.0
2026-09-20T00:32:41.954273+00:00,1,77.72,37.0,0.0,1.0,345.0,3201.0,5.0,0.0,0.0
2026-09-20T00:32:41.954273+00:00,2,77.83,35.0,0.0,1.0,345.0,3201.0,5.0,0.0,0.0
2026-09-20T00:32:41.954273+00:00,3,78.54,36.0,0.0,1.0,345.0,3201.0,5.0,0.0,0.0
2026-09-20T00:32:43.028890+00:00,0,78.84,33.0,0.0,1.0,345.0,3201.0,5.0,0.0,0.0
2026-09-20T00:32:43.028890+00:00,1,77.67,37.0,0.0,1.0,345.0,3201.0,5.0,0.0,0.0
2026-09-20T00:32:43.028890+00:00,2,77.83,35.0,0.0,1.0,345.0,3201.0,5.0,0.0,0.0
2026-09-20T00:32:43.028890+00:00,3,78.51,36.0,0.0,1.0,345.0,3201.0,5.0,0.0,0.0
2026-09-20T00:32:44.101809+00:00,0,78.87,33.0,0.0,1.0,345.0,3201.0,5.0,0.0,0.0
2026-09-20T00:32:44.101809+00:00,1,77.7,37.0,0.0,1.0,345.0,3201.0,5.0,0.0,0.0
2026-09-20T00:32:44.101809+00:00,2,77.87,35.0,0.0,1.0,345.0,3201.0,5.0,0.0,0.0
2026-09-20T00:32:44.101809+00:00,3,78.49,36.0,0.0,1.0,345.0,3201.0,5.0,0.0,0.0
2026-09-20T00:32:45.175267+00:00,0,78.87,33.0,0.0,1.0,345.0,3201.0,5.0,0.0,0.0
2026-09-20T00:32:45.175267+00:00,1,77.69,37.0,0.0,1.0,345.0,3201.0,5.0,0.0,0.0
2026-09-20T00:32:45.175267+00:00,2,77.85,35.0,0.0,1.0,345.0,3201.0,5.0,0.0,0.0
2026-09-20T00:32:45.175267+00:00,3,78.52,36.0,0.0,1.0,345.0,3201.0,5.0,0.0,0.0
2026-09-20T00:32:46.248703+00:00,0,78.87,33.0,0.0,1.0,345.0,3201.0,5.0,0.0,0.0
2026-09-20T00:32:46.248703+00:00,1,77.7,37.0,0.0,1.0,345.0,3201.0,5.0,0.0,0.0
2026-09-20T00:32:46.248703+00:00,2,77.84,35.0,0.0,1.0,345.0,3201.0,5.0,0.0,0.0
2026-09-20T00:32:46.248703+00:00,3,78.5,36.0,0.0,1.0,345.0,3201.0,5.0,0.0,0.0
2026-09-20T00:32:47.322166+00:00,0,78.92,33.0,0.0,1.0,345.0,3201.0,5.0,0.0,0.0
2026-09-20T00:32:47.322166+00:00,1,77.71,37.0,0.0,1.0,345.0,3201.0,5.0,0.0,0.0
2026-09-20T00:32:47.322166+00:00,2,77.84,35.0,0.0,1.0,345.0,3201.0,5.0,0.0,0.0
2026-09-20T00:32:47.322166+00:00,3,78.49,36.0,0.0,1.0,345.0,3201.0,5.0,0.0,0.0
2026-09-20T00:32:48.396399+00:00,0,78.87,33.0,0.0,1.0,345.0,3201.0,5.0,0.0,0.0
2026-09-20T00:32:48.396399+00:00,1,77.7,37.0,0.0,1.0,345.0,3201.0,5.0,0.0,0.0
2026-09-20T00:32:48.396399+00:00,2,77.82,35.0,0.0,1.0,345.0,3201.0,5.0,0.0,0.0
2026-09-20T00:32:48.396399+00:00,3,78.54,36.0,0.0,1.0,345.0,3201.0,5.0,0.0,0.0
2026-09-20T00:32:49.469813+00:00,0,78.9,33.0,0.0,1.0,345.0,3201.0,5.0,0.0,0.0
2026-09-20T00:32:49.469813+00:00,1,77.74,37.0,0.0,1.0,345.0,3201.0,5.0,0.0,0.0
2026-09-20T00:32:49.469813+00:00,2,77.82,35.0,0.0,1.0,345.0,3201.0,5.0,0.0,0.0
2026-09-20T00:32:49.469813+00:00,3,78.51,36.0,0.0,1.0,345.0,3201.0,5.0,0.0,0.0
2026-09-20T00:32:50.542847+00:00,0,78.91,33.0,0.0,1.0,345.0,3201.0,5.0,0.0,0.0
2026-09-20T00:32:50.542847+00:00,1,77.69,37.0,0.0,1.0,345.0,3201.0,5.0,0.0,0.0
2026-09-20T00:32:50.542847+00:00,2,77.84,35.0,0.0,1.0,345.0,3201.0,5.0,0.0,0.0
2026-09-20T00:32:50.542847+00:00,3,78.54,36.0,0.0,1.0,345.0,3201.0,5.0,0.0,0.0
2026-09-20T00:32:51.615916+00:00,0,78.9,33.0,0.0,1.0,345.0,3201.0,5.0,0.0,0.0
2026-09-20T00:32:51.615916+00:00,1,77.73,37.0,0.0,1.0,345.0,3201.0,5.0,0.0,0.0
2026-09-20T00:32:51.615916+00:00,2,77.9,35.0,0.0,1.0,345.0,3201.0,5.0,0.0,0.0
2026-09-20T00:32:51.615916+00:00,3,78.51,36.0,0.0,1.0,345.0,3201.0,5.0,0.0,0.0
2026-09-20T00:32:52.688910+00:00,0,78.89,33.0,0.0,1.0,345.0,3201.0,5.0,0.0,0.0
2026-09-20T00:32:52.688910+00:00,1,77.7,37.0,0.0,1.0,345.0,3201.0,5.0,0.0,0.0
2026-09-20T00:32:52.688910+00:00,2,77.84,35.0,0.0,1.0,345.0,3201.0,5.0,0.0,0.0
2026-09-20T00:32:52.688910+00:00,3,78.58,36.0,0.0,1.0,345.0,3201.0,5.0,0.0,0.0
2026-09-20T00:32:53.762802+00:00,0,78.86,33.0,0.0,1.0,345.0,3201.0,5.0,0.0,0.0
2026-09-20T00:32:53.762802+00:00,1,77.74,37.0,0.0,1.0,345.0,3201.0,5.0,0.0,0.0
2026-09-20T00:32:53.762802+00:00,2,77.86,35.0,0.0,1.0,345.0,3201.0,5.0,0.0,0.0
2026-09-20T00:32:53.762802+00:00,3,78.48,36.0,0.0,1.0,345.0,3201.0,5.0,0.0,0.0
2026-09-20T00:32:54.835726+00:00,0,78.84,33.0,0.0,1.0,345.0,3201.0,5.0,0.0,0.0
2026-09-20T00:32:54.835726+00:00,1,77.69,37.0,0.0,1.0,345.0,3201.0,5.0,0.0,0.0
2026-09-20T00:32:54.835726+00:00,2,77.84,35.0,0.0,1.0,345.0,3201.0,5.0,0.0,0.0
2026-09-20T00:32:54.835726+00:00,3,78.53,36.0,0.0,1.0,345.0,3201.0,5.0,0.0,0.0
2026-09-20T00:32:55.910151+00:00,0,78.85,33.0,0.0,1.0,345.0,3201.0,5.0,0.0,0.0
2026-09-20T00:32:55.910151+00:00,1,77.74,37.0,0.0,1.0,345.0,3201.0,5.0,0.0,0.0
2026-09-20T00:32:55.910151+00:00,2,77.84,35.0,0.0,1.0,345.0,3201.0,5.0,0.0,0.0
2026-09-20T00:32:55.910151+00:00,3,78.5,36.0,0.0,1.0,345.0,3201.0,5.0,0.0,0.0
2026-09-20T00:32:56.983894+00:00,0,78.85,33.0,0.0,1.0,345.0,3201.0,5.0,0.0,0.0
2026-09-20T00:32:56.983894+00:00,1,77.71,37.0,0.0,1.0,345.0,3201.0,5.0,0.0,0.0
2026-09-20T00:32:56.983894+00:00,2,77.86,35.0,0.0,1.0,345.0,3201.0,5.0,0.0,0.0
2026-09-20T00:32:56.983894+00:00,3,78.47,36.0,0.0,1.0,345.0,3201.0,5.0,0.0,0.0
2026-09-20T00:32:58.056076+00:00,0,78.82,33.0,0.0,1.0,345.0,3201.0,5.0,0.0,0.0
2026-09-20T00:32:58.056076+00:00,1,77.78,37.0,0.0,1.0,345.0,3201.0,5.0,0.0,0.0
2026-09-20T00:32:58.056076+00:00,2,77.85,35.0,0.0,1.0,345.0,3201.0,5.0,0.0,0.0
2026-09-20T00:32:58.056076+00:00,3,78.48,36.0,0.0,1.0,345.0,3201.0,5.0,0.0,0.0
2026-09-20T00:32:59.129661+00:00,0,78.78,33.0,0.0,1.0,345.0,3201.0,5.0,0.0,0.0
2026-09-20T00:32:59.129661+00:00,1,77.72,37.0,0.0,1.0,345.0,3201.0,5.0,0.0,0.0
2026-09-20T00:32:59.129661+00:00,2,77.81,35.0,0.0,1.0,345.0,3201.0,5.0,0.0,0.0
2026-09-20T00:32:59.129661+00:00,3,78.52,36.0,0.0,1.0,345.0,3201.0,5.0,0.0,0.0
2026-09-20T00:33:00.202980+00:00,0,78.78,33.0,0.0,1.0,345.0,3201.0,5.0,0.0,0.0
2026-09-20T00:33:00.202980+00:00,1,77.76,37.0,0.0,1.0,345.0,3201.0,5.0,0.0,0.0
2026-09-20T00:33:00.202980+00:00,2,77.83,35.0,0.0,1.0,345.0,3201.0,5.0,0.0,0.0
2026-09-20T00:33:00.202980+00:00,3,78.41,36.0,0.0,1.0,345.0,3201.0,5.0,0.0,0.0
2026-09-20T00:33:01.275879+00:00,0,78.75,33.0,0.0,1.0,345.0,3201.0,5.0,0.0,0.0
2026-09-20T00:33:01.275879+00:00,1,77.76,37.0,0.0,1.0,345.0,3201.0,5.0,0.0,0.0
2026-09-20T00:33:01.275879+00:00,2,77.83,35.0,0.0,1.0,345.0,3201.0,5.0,0.0,0.0
2026-09-20T00:33:01.275879+00:00,3,78.47,36.0,0.0,1.0,345.0,3201.0,5.0,0.0,0.0
2026-09-20T00:33:02.349481+00:00,0,78.76,33.0,0.0,1.0,345.0,3201.0,5.0,0.0,0.0
2026-09-20T00:33:02.349481+00:00,1,77.73,37.0,0.0,1.0,345.0,3201.0,5.0,0.0,0.0
2026-09-20T00:33:02.349481+00:00,2,77.8,35.0,0.0,1.0,345.0,3201.0,5.0,0.0,0.0
2026-09-20T00:33:02.349481+00:00,3,78.53,36.0,0.0,1.0,345.0,3201.0,5.0,0.0,0.0
2026-09-20T00:33:03.425669+00:00,0,78.76,33.0,0.0,1.0,345.0,3201.0,5.0,0.0,0.0
2026-09-20T00:33:03.425669+00:00,1,77.75,37.0,0.0,1.0,345.0,3201.0,5.0,0.0,0.0
2026-09-20T00:33:03.425669+00:00,2,77.78,35.0,0.0,1.0,345.0,3201.0,5.0,0.0,0.0
2026-09-20T00:33:03.425669+00:00,3,78.47,36.0,0.0,1.0,345.0,3201.0,5.0,0.0,0.0
2026-09-20T00:33:04.498139+00:00,0,78.75,33.0,0.0,1.0,345.0,3201.0,5.0,0.0,0.0
2026-09-20T00:33:04.498139+00:00,1,77.73,37.0,0.0,1.0,345.0,3201.0,5.0,0.0,0.0
2026-09-20T00:33:04.498139+00:00,2,77.79,35.0,0.0,1.0,345.0,3201.0,5.0,0.0,0.0
2026-09-20T00:33:04.498139+00:00,3,78.49,36.0,0.0,1.0,345.0,3201.0,5.0,0.0,0.0
2026-09-20T00:33:05.571445+00:00,0,78.72,33.0,0.0,1.0,345.0,3201.0,5.0,0.0,0.0
2026-09-20T00:33:05.571445+00:00,1,77.72,37.0,0.0,1.0,345.0,3201.0,5.0,0.0,0.0
2026-09-20T00:33:05.571445+00:00,2,77.8,35.0,0.0,1.0,345.0,3201.0,5.0,0.0,0.0
2026-09-20T00:33:05.571445+00:00,3,78.44,36.0,0.0,1.0,345.0,3201.0,5.0,0.0,0.0
2026-09-20T00:33:06.644773+00:00,0,78.78,33.0,0.0,1.0,345.0,3201.0,5.0,0.0,0.0
2026-09-20T00:33:06.644773+00:00,1,77.73,37.0,0.0,1.0,345.0,3201.0,5.0,0.0,0.0
2026-09-20T00:33:06.644773+00:00,2,77.78,35.0,0.0,1.0,345.0,3201.0,5.0,0.0,0.0
2026-09-20T00:33:06.644773+00:00,3,78.42,36.0,0.0,1.0,345.0,3201.0,5.0,0.0,0.0
2026-09-20T00:33:07.717473+00:00,0,78.72,33.0,0.0,1.0,345.0,3201.0,5.0,0.0,0.0
2026-09-20T00:33:07.717473+00:00,1,77.67,37.0,0.0,1.0,345.0,3201.0,5.0,0.0,0.0
2026-09-20T00:33:07.717473+00:00,2,77.78,35.0,0.0,1.0,345.0,3201.0,5.0,0.0,0.0
2026-09-20T00:33:07.717473+00:00,3,78.44,36.0,0.0,1.0,345.0,3201.0,5.0,0.0,0.0
2026-09-20T00:33:08.789956+00:00,0,78.72,33.0,0.0,1.0,345.0,3201.0,5.0,0.0,0.0
2026-09-20T00:33:08.789956+00:00,1,77.72,37.0,0.0,1.0,345.0,3201.0,5.0,0.0,0.0
2026-09-20T00:33:08.789956+00:00,2,77.8,35.0,0.0,1.0,345.0,3201.0,5.0,0.0,0.0
2026-09-20T00:33:08.789956+00:00,3,78.45,36.0,0.0,1.0,345.0,3201.0,5.0,0.0,0.0
2026-09-20T00:33:09.863007+00:00,0,78.77,33.0,0.0,1.0,345.0,3201.0,5.0,0.0,0.0
2026-09-20T00:33:09.863007+00:00,1,77.71,37.0,0.0,1.0,345.0,3201.0,5.0,0.0,0.0
2026-09-20T00:33:09.863007+00:00,2,77.78,35.0,0.0,1.0,345.0,3201.0,5.0,0.0,0.0
2026-09-20T00:33:09.863007+00:00,3,78.42,36.0,0.0,1.0,345.0,3201.0,5.0,0.0,0.0
2026-09-20T00:33:10.936883+00:00,0,78.74,33.0,0.0,1.0,345.0,3201.0,5.0,0.0,0.0
2026-09-20T00:33:10.936883+00:00,1,77.71,37.0,0.0,1.0,345.0,3201.0,5.0,0.0,0.0
2026-09-20T00:33:10.936883+00:00,2,77.81,35.0,0.0,1.0,345.0,3201.0,5.0,0.0,0.0
2026-09-20T00:33:10.936883+00:00,3,78.41,36.0,0.0,1.0,345.0,3201.0,5.0,0.0,0.0
2026-09-20T00:33:12.009687+00:00,0,78.74,33.0,0.0,1.0,345.0,3201.0,5.0,0.0,0.0
2026-09-20T00:33:12.009687+00:00,1,77.7,37.0,0.0,1.0,345.0,3201.0,5.0,0.0,0.0
2026-09-20T00:33:12.009687+00:00,2,77.79,35.0,0.0,1.0,345.0,3201.0,5.0,0.0,0.0
2026-09-20T00:33:12.009687+00:00,3,78.42,36.0,0.0,1.0,345.0,3201.0,5.0,0.0,0.0
2026-09-20T00:33:13.084104+00:00,0,78.74,33.0,0.0,1.0,345.0,3201.0,5.0,0.0,0.0
2026-09-20T00:33:13.084104+00:00,1,77.71,37.0,0.0,1.0,345.0,3201.0,5.0,0.0,0.0
2026-09-20T00:33:13.084104+00:00,2,77.78,35.0,0.0,1.0,345.0,3201.0,5.0,0.0,0.0
2026-09-20T00:33:13.084104+00:00,3,78.42,36.0,0.0,1.0,345.0,3201.0,5.0,0.0,0.0
2026-09-20T00:33:14.156772+00:00,0,78.69,33.0,0.0,1.0,345.0,3201.0,5.0,0.0,0.0
2026-09-20T00:33:14.156772+00:00,1,77.69,37.0,0.0,1.0,345.0,3201.0,5.0,0.0,0.0
2026-09-20T00:33:14.156772+00:00,2,77.76,35.0,0.0,1.0,345.0,3201.0,5.0,0.0,0.0
2026-09-20T00:33:14.156772+00:00,3,78.41,36.0,0.0,1.0,345.0,3201.0,5.0,0.0,0.0
2026-09-20T00:33:15.230345+00:00,0,78.72,33.0,0.0,1.0,345.0,3201.0,5.0,0.0,0.0
2026-09-20T00:33:15.230345+00:00,1,77.71,37.0,0.0,1.0,345.0,3201.0,5.0,0.0,0.0
2026-09-20T00:33:15.230345+00:00,2,77.78,35.0,0.0,1.0,345.0,3201.0,5.0,0.0,0.0
2026-09-20T00:33:15.230345+00:00,3,78.38,36.0,0.0,1.0,345.0,3201.0,5.0,0.0,0.0
2026-09-20T00:33:16.303072+00:00,0,78.71,33.0,0.0,1.0,345.0,3201.0,5.0,0.0,0.0
2026-09-20T00:33:16.303072+00:00,1,77.7,37.0,0.0,1.0,345.0,3201.0,5.0,0.0,0.0
2026-09-20T00:33:16.303072+00:00,2,77.76,35.0,0.0,1.0,345.0,3201.0,5.0,0.0,0.0
2026-09-20T00:33:16.303072+00:00,3,78.47,36.0,0.0,1.0,345.0,3201.0,5.0,0.0,0.0
2026-09-20T00:33:17.375771+00:00,0,78.67,32.0,0.0,1.0,345.0,3201.0,5.0,0.0,0.0
2026-09-20T00:33:17.375771+00:00,1,77.66,37.0,0.0,1.0,345.0,3201.0,5.0,0.0,0.0
2026-09-20T00:33:17.375771+00:00,2,77.74,35.0,0.0,1.0,345.0,3201.0,5.0,0.0,0.0
2026-09-20T00:33:17.375771+00:00,3,78.41,36.0,0.0,1.0,345.0,3201.0,5.0,0.0,0.0
2026-09-20T00:33:18.448269+00:00,0,78.7,32.0,0.0,1.0,345.0,3201.0,5.0,0.0,0.0
2026-09-20T00:33:18.448269+00:00,1,77.67,37.0,0.0,1.0,345.0,3201.0,5.0,0.0,0.0
2026-09-20T00:33:18.448269+00:00,2,77.75,35.0,0.0,1.0,345.0,3201.0,5.0,0.0,0.0
2026-09-20T00:33:18.448269+00:00,3,78.4,36.0,0.0,1.0,345.0,3201.0,5.0,0.0,0.0
2026-09-20T00:33:19.521035+00:00,0,78.68,32.0,0.0,1.0,345.0,3201.0,5.0,0.0,0.0
2026-09-20T00:33:19.521035+00:00,1,77.69,37.0,0.0,1.0,345.0,3201.0,5.0,0.0,0.0
2026-09-20T00:33:19.521035+00:00,2,77.75,35.0,0.0,1.0,345.0,3201.0,5.0,0.0,0.0
2026-09-20T00:33:19.521035+00:00,3,78.42,36.0,0.0,1.0,345.0,3201.0,5.0,0.0,0.0
2026-09-20T00:33:20.595863+00:00,0,78.64,32.0,0.0,1.0,345.0,3201.0,5.0,0.0,0.0
2026-09-20T00:33:20.595863+00:00,1,77.68,37.0,0.0,1.0,345.0,3201.0,5.0,0.0,0.0
2026-09-20T00:33:20.595863+00:00,2,77.73,35.0,0.0,1.0,345.0,3201.0,5.0,0.0,0.0
2026-09-20T00:33:20.595863+00:00,3,78.39,36.0,0.0,1.0,345.0,3201.0,5.0,0.0,0.0
2026-09-20T00:33:21.669336+00:00,0,78.64,32.0,0.0,1.0,345.0,3201.0,5.0,0.0,0.0
2026-09-20T00:33:21.669336+00:00,1,77.68,37.0,0.0,1.0,345.0,3201.0,5.0,0.0,0.0
2026-09-20T00:33:21.669336+00:00,2,77.72,35.0,0.0,1.0,345.0,3201.0,5.0,0.0,0.0
2026-09-20T00:33:21.669336+00:00,3,78.43,35.0,0.0,1.0,345.0,3201.0,5.0,0.0,0.0
2026-09-20T00:33:22.742607+00:00,0,78.61,32.0,0.0,1.0,345.0,3201.0,5.0,0.0,0.0
2026-09-20T00:33:22.742607+00:00,1,77.66,37.0,0.0,1.0,345.0,3201.0,5.0,0.0,0.0
2026-09-20T00:33:22.742607+00:00,2,77.71,34.0,0.0,1.0,345.0,3201.0,5.0,0.0,0.0
2026-09-20T00:33:22.742607+00:00,3,78.39,35.0,0.0,1.0,345.0,3201.0,5.0,0.0,0.0
2026-09-20T00:33:23.816308+00:00,0,78.57,32.0,0.0,1.0,345.0,3201.0,5.0,0.0,0.0
2026-09-20T00:33:23.816308+00:00,1,77.63,37.0,0.0,1.0,345.0,3201.0,5.0,0.0,0.0
2026-09-20T00:33:23.816308+00:00,2,77.67,34.0,0.0,1.0,345.0,3201.0,5.0,0.0,0.0
2026-09-20T00:33:23.816308+00:00,3,78.4,35.0,0.0,1.0,345.0,3201.0,5.0,0.0,0.0
2026-09-20T00:33:24.889106+00:00,0,78.59,32.0,0.0,1.0,345.0,3201.0,5.0,0.0,0.0
2026-09-20T00:33:24.889106+00:00,1,77.68,37.0,0.0,1.0,345.0,3201.0,5.0,0.0,0.0
2026-09-20T00:33:24.889106+00:00,2,77.68,34.0,0.0,1.0,345.0,3201.0,5.0,0.0,0.0
2026-09-20T00:33:24.889106+00:00,3,78.36,35.0,0.0,1.0,345.0,3201.0,5.0,0.0,0.0
2026-09-20T00:33:25.963075+00:00,0,78.57,32.0,0.0,1.0,345.0,3201.0,5.0,0.0,0.0
2026-09-20T00:33:25.963075+00:00,1,77.64,37.0,0.0,1.0,345.0,3201.0,5.0,0.0,0.0
2026-09-20T00:33:25.963075+00:00,2,77.69,34.0,0.0,1.0,345.0,3201.0,5.0,0.0,0.0
2026-09-20T00:33:25.963075+00:00,3,78.39,35.0,0.0,1.0,345.0,3201.0,5.0,0.0,0.0
2026-09-20T00:33:27.037627+00:00,0,78.61,32.0,0.0,1.0,345.0,3201.0,5.0,0.0,0.0
2026-09-20T00:33:27.037627+00:00,1,77.64,37.0,0.0,1.0,345.0,3201.0,5.0,0.0,0.0
2026-09-20T00:33:27.037627+00:00,2,77.71,35.0,0.0,1.0,345.0,3201.0,5.0,0.0,0.0
2026-09-20T00:33:27.037627+00:00,3,78.46,35.0,0.0,1.0,345.0,3201.0,5.0,0.0,0.0
2026-09-20T00:33:28.112200+00:00,0,78.61,32.0,0.0,1.0,345.0,3201.0,5.0,0.0,0.0
2026-09-20T00:33:28.112200+00:00,1,77.64,37.0,0.0,1.0,345.0,3201.0,5.0,0.0,0.0
2026-09-20T00:33:28.112200+00:00,2,77.72,35.0,0.0,1.0,345.0,3201.0,5.0,0.0,0.0
2026-09-20T00:33:28.112200+00:00,3,78.38,35.0,0.0,1.0,345.0,3201.0,5.0,0.0,0.0
2026-09-20T00:33:29.185463+00:00,0,78.58,32.0,0.0,1.0,345.0,3201.0,5.0,0.0,0.0
2026-09-20T00:33:29.185463+00:00,1,77.64,37.0,0.0,1.0,345.0,3201.0,5.0,0.0,0.0
2026-09-20T00:33:29.185463+00:00,2,77.77,35.0,0.0,1.0,345.0,3201.0,5.0,0.0,0.0
2026-09-20T00:33:29.185463+00:00,3,78.4,36.0,0.0,1.0,345.0,3201.0,5.0,0.0,0.0
2026-09-20T00:33:30.258278+00:00,0,78.57,32.0,0.0,1.0,345.0,3201.0,5.0,0.0,0.0
2026-09-20T00:33:30.258278+00:00,1,77.65,37.0,0.0,1.0,345.0,3201.0,5.0,0.0,0.0
2026-09-20T00:33:30.258278+00:00,2,77.76,35.0,0.0,1.0,345.0,3201.0,5.0,0.0,0.0
2026-09-20T00:33:30.258278+00:00,3,78.42,36.0,0.0,1.0,345.0,3201.0,5.0,0.0,0.0
2026-09-20T00:33:31.331349+00:00,0,78.56,32.0,0.0,1.0,345.0,3201.0,5.0,0.0,0.0
2026-09-20T00:33:31.331349+00:00,1,77.61,37.0,0.0,1.0,345.0,3201.0,5.0,0.0,0.0
2026-09-20T00:33:31.331349+00:00,2,77.75,35.0,0.0,1.0,345.0,3201.0,5.0,0.0,0.0
2026-09-20T00:33:31.331349+00:00,3,78.39,36.0,0.0,1.0,345.0,3201.0,5.0,0.0,0.0
2026-09-20T00:33:32.405633+00:00,0,78.55,32.0,0.0,1.0,345.0,3201.0,5.0,0.0,0.0
2026-09-20T00:33:32.405633+00:00,1,77.68,37.0,0.0,1.0,345.0,3201.0,5.0,0.0,0.0
2026-09-20T00:33:32.405633+00:00,2,77.79,35.0,0.0,1.0,345.0,3201.0,5.0,0.0,0.0
2026-09-20T00:33:32.405633+00:00,3,78.38,36.0,0.0,1.0,345.0,3201.0,5.0,0.0,0.0
2026-09-20T00:33:33.478459+00:00,0,78.54,32.0,0.0,1.0,345.0,3201.0,5.0,0.0,0.0
2026-09-20T00:33:33.478459+00:00,1,77.65,37.0,0.0,1.0,345.0,3201.0,5.0,0.0,0.0
2026-09-20T00:33:33.478459+00:00,2,77.83,35.0,0.0,1.0,345.0,3201.0,5.0,0.0,0.0
2026-09-20T00:33:33.478459+00:00,3,78.44,36.0,0.0,1.0,345.0,3201.0,5.0,0.0,0.0
2026-09-20T00:33:34.551184+00:00,0,78.59,32.0,0.0,1.0,345.0,3201.0,5.0,0.0,0.0
2026-09-20T00:33:34.551184+00:00,1,77.67,37.0,0.0,1.0,345.0,3201.0,5.0,0.0,0.0
2026-09-20T00:33:34.551184+00:00,2,77.81,35.0,0.0,1.0,345.0,3201.0,5.0,0.0,0.0
2026-09-20T00:33:34.551184+00:00,3,78.44,36.0,0.0,1.0,345.0,3201.0,5.0,0.0,0.0
2026-09-20T00:33:35.625804+00:00,0,78.54,32.0,0.0,1.0,345.0,3201.0,5.0,0.0,0.0
2026-09-20T00:33:35.625804+00:00,1,77.65,37.0,0.0,1.0,345.0,3201.0,5.0,0.0,0.0
2026-09-20T00:33:35.625804+00:00,2,77.82,35.0,0.0,1.0,345.0,3201.0,5.0,0.0,0.0
2026-09-20T00:33:35.625804+00:00,3,78.48,36.0,0.0,1.0,345.0,3201.0,5.0,0.0,0.0
2026-09-20T00:33:36.698569+00:00,0,78.57,32.0,0.0,1.0,345.0,3201.0,5.0,0.0,0.0
2026-09-20T00:33:36.698569+00:00,1,77.66,37.0,0.0,1.0,345.0,3201.0,5.0,0.0,0.0
2026-09-20T00:33:36.698569+00:00,2,77.78,35.0,0.0,1.0,345.0,3201.0,5.0,0.0,0.0
2026-09-20T00:33:36.698569+00:00,3,78.46,36.0,0.0,1.0,345.0,3201.0,5.0,0.0,0.0
2026-09-20T00:33:37.773457+00:00,0,78.58,32.0,0.0,1.0,345.0,3201.0,5.0,0.0,0.0
2026-09-20T00:33:37.773457+00:00,1,77.64,37.0,0.0,1.0,345.0,3201.0,5.0,0.0,0.0
2026-09-20T00:33:37.773457+00:00,2,77.81,35.0,0.0,1.0,345.0,3201.0,5.0,0.0,0.0
2026-09-20T00:33:37.773457+00:00,3,78.52,36.0,0.0,1.0,345.0,3201.0,5.0,0.0,0.0
2026-09-20T00:33:38.846714+00:00,0,78.54,32.0,0.0,1.0,345.0,3201.0,5.0,0.0,0.0
2026-09-20T00:33:38.846714+00:00,1,77.66,37.0,0.0,1.0,345.0,3201.0,5.0,0.0,0.0
2026-09-20T00:33:38.846714+00:00,2,77.81,35.0,0.0,1.0,345.0,3201.0,5.0,0.0,0.0
2026-09-20T00:33:38.846714+00:00,3,78.43,36.0,0.0,1.0,345.0,3201.0,5.0,0.0,0.0
2026-09-20T00:33:39.920042+00:00,0,78.52,32.0,0.0,1.0,345.0,3201.0,5.0,0.0,0.0
2026-09-20T00:33:39.920042+00:00,1,77.65,37.0,0.0,1.0,345.0,3201.0,5.0,0.0,0.0
2026-09-20T00:33:39.920042+00:00,2,77.8,35.0,0.0,1.0,345.0,3201.0,5.0,0.0,0.0
2026-09-20T00:33:39.920042+00:00,3,78.55,36.0,0.0,1.0,345.0,3201.0,5.0,0.0,0.0
2026-09-20T00:33:40.994139+00:00,0,78.56,32.0,0.0,1.0,345.0,3201.0,5.0,0.0,0.0
2026-09-20T00:33:40.994139+00:00,1,77.63,37.0,0.0,1.0,345.0,3201.0,5.0,0.0,0.0
2026-09-20T00:33:40.994139+00:00,2,77.79,35.0,0.0,1.0,345.0,3201.0,5.0,0.0,0.0
2026-09-20T00:33:40.994139+00:00,3,78.58,36.0,0.0,1.0,345.0,3201.0,5.0,0.0,0.0
2026-09-20T00:33:42.068437+00:00,0,78.5,32.0,0.0,1.0,345.0,3201.0,5.0,0.0,0.0
2026-09-20T00:33:42.068437+00:00,1,77.66,37.0,0.0,1.0,345.0,3201.0,5.0,0.0,0.0
2026-09-20T00:33:42.068437+00:00,2,77.81,35.0,0.0,1.0,345.0,3201.0,5.0,0.0,0.0
2026-09-20T00:33:42.068437+00:00,3,78.5,36.0,0.0,1.0,345.0,3201.0,5.0,0.0,0.0
2026-09-20T00:33:43.141952+00:00,0,78.5,32.0,0.0,1.0,345.0,3201.0,5.0,0.0,0.0
2026-09-20T00:33:43.141952+00:00,1,77.64,37.0,0.0,1.0,345.0,3201.0,5.0,0.0,0.0
2026-09-20T00:33:43.141952+00:00,2,77.82,35.0,0.0,1.0,345.0,3201.0,5.0,0.0,0.0
2026-09-20T00:33:43.141952+00:00,3,78.52,36.0,0.0,1.0,345.0,3201.0,5.0,0.0,0.0
2026-09-20T00:33:44.215485+00:00,0,78.5,32.0,0.0,1.0,345.0,3201.0,5.0,0.0,0.0
2026-09-20T00:33:44.215485+00:00,1,77.64,37.0,0.0,1.0,345.0,3201.0,5.0,0.0,0.0
2026-09-20T00:33:44.215485+00:00,2,77.8,35.0,0.0,1.0,345.0,3201.0,5.0,0.0,0.0
2026-09-20T00:33:44.215485+00:00,3,78.44,36.0,0.0,1.0,345.0,3201.0,5.0,0.0,0.0
2026-09-20T00:33:45.288553+00:00,0,78.46,32.0,0.0,1.0,345.0,3201.0,5.0,0.0,0.0
2026-09-20T00:33:45.288553+00:00,1,77.63,37.0,0.0,1.0,345.0,3201.0,5.0,0.0,0.0
2026-09-20T00:33:45.288553+00:00,2,77.79,35.0,0.0,1.0,345.0,3201.0,5.0,0.0,0.0
2026-09-20T00:33:45.288553+00:00,3,78.46,36.0,0.0,1.0,345.0,3201.0,5.0,0.0,0.0
2026-09-20T00:33:46.362374+00:00,0,78.52,32.0,0.0,1.0,345.0,3201.0,5.0,0.0,0.0
2026-09-20T00:33:46.362374+00:00,1,77.64,37.0,0.0,1.0,345.0,3201.0,5.0,0.0,0.0
2026-09-20T00:33:46.362374+00:00,2,77.8,35.0,0.0,1.0,345.0,3201.0,5.0,0.0,0.0
2026-09-20T00:33:46.362374+00:00,3,78.52,36.0,0.0,1.0,345.0,3201.0,5.0,0.0,0.0
2026-09-20T00:33:47.435472+00:00,0,78.48,32.0,0.0,1.0,345.0,3201.0,5.0,0.0,0.0
2026-09-20T00:33:47.435472+00:00,1,77.65,37.0,0.0,1.0,345.0,3201.0,5.0,0.0,0.0
2026-09-20T00:33:47.435472+00:00,2,77.83,35.0,0.0,1.0,345.0,3201.0,5.0,0.0,0.0
2026-09-20T00:33:47.435472+00:00,3,78.44,36.0,0.0,1.0,345.0,3201.0,5.0,0.0,0.0
2026-09-20T00:33:48.565628+00:00,0,78.5,32.0,0.0,1.0,345.0,3201.0,5.0,0.0,0.0
2026-09-20T00:33:48.565628+00:00,1,77.66,37.0,0.0,1.0,345.0,3201.0,5.0,0.0,0.0
2026-09-20T00:33:48.565628+00:00,2,77.76,35.0,0.0,1.0,345.0,3201.0,5.0,0.0,0.0
2026-09-20T00:33:48.565628+00:00,3,78.41,36.0,0.0,1.0,345.0,3201.0,5.0,0.0,0.0
2026-09-20T00:33:49.638814+00:00,0,78.46,32.0,0.0,1.0,345.0,3201.0,5.0,0.0,0.0
2026-09-20T00:33:49.638814+00:00,1,77.64,37.0,0.0,1.0,345.0,3201.0,5.0,0.0,0.0
2026-09-20T00:33:49.638814+00:00,2,77.78,35.0,0.0,1.0,345.0,3201.0,5.0,0.0,0.0
2026-09-20T00:33:49.638814+00:00,3,78.41,36.0,0.0,1.0,345.0,3201.0,5.0,0.0,0.0
2026-09-20T00:33:50.713996+00:00,0,78.46,32.0,0.0,1.0,345.0,3201.0,5.0,0.0,0.0
2026-09-20T00:33:50.713996+00:00,1,77.62,37.0,0.0,1.0,345.0,3201.0,5.0,0.0,0.0
2026-09-20T00:33:50.713996+00:00,2,77.75,35.0,0.0,1.0,345.0,3201.0,5.0,0.0,0.0
2026-09-20T00:33:50.713996+00:00,3,78.46,36.0,0.0,1.0,345.0,3201.0,5.0,0.0,0.0
2026-09-20T00:33:51.786990+00:00,0,78.44,32.0,0.0,1.0,345.0,3201.0,5.0,0.0,0.0
2026-09-20T00:33:51.786990+00:00,1,77.62,37.0,0.0,1.0,345.0,3201.0,5.0,0.0,0.0
2026-09-20T00:33:51.786990+00:00,2,77.76,35.0,0.0,1.0,345.0,3201.0,5.0,0.0,0.0
2026-09-20T00:33:51.786990+00:00,3,78.44,36.0,0.0,1.0,345.0,3201.0,5.0,0.0,0.0
2026-09-20T00:33:52.859888+00:00,0,78.45,32.0,0.0,1.0,345.0,3201.0,5.0,0.0,0.0
2026-09-20T00:33:52.859888+00:00,1,77.63,37.0,0.0,1.0,345.0,3201.0,5.0,0.0,0.0
2026-09-20T00:33:52.859888+00:00,2,77.77,35.0,0.0,1.0,345.0,3201.0,5.0,0.0,0.0
2026-09-20T00:33:52.859888+00:00,3,78.44,36.0,0.0,1.0,345.0,3201.0,5.0,0.0,0.0
2026-09-20T00:33:53.932794+00:00,0,78.48,32.0,0.0,1.0,345.0,3201.0,5.0,0.0,0.0
2026-09-20T00:33:53.932794+00:00,1,77.63,37.0,0.0,1.0,345.0,3201.0,5.0,0.0,0.0
2026-09-20T00:33:53.932794+00:00,2,77.78,35.0,0.0,1.0,345.0,3201.0,5.0,0.0,0.0
2026-09-20T00:33:53.932794+00:00,3,78.53,36.0,0.0,1.0,345.0,3201.0,5.0,0.0,0.0
2026-09-20T00:33:55.005647+00:00,0,78.48,32.0,0.0,1.0,345.0,3201.0,5.0,0.0,0.0
2026-09-20T00:33:55.005647+00:00,1,77.64,37.0,0.0,1.0,345.0,3201.0,5.0,0.0,0.0
2026-09-20T00:33:55.005647+00:00,2,77.81,35.0,0.0,1.0,345.0,3201.0,5.0,0.0,0.0
2026-09-20T00:33:55.005647+00:00,3,78.38,36.0,0.0,1.0,345.0,3201.0,5.0,0.0,0.0
2026-09-20T00:33:56.079613+00:00,0,78.46,32.0,0.0,1.0,345.0,3201.0,5.0,0.0,0.0
2026-09-20T00:33:56.079613+00:00,1,77.63,37.0,0.0,1.0,345.0,3201.0,5.0,0.0,0.0
2026-09-20T00:33:56.079613+00:00,2,77.8,35.0,0.0,1.0,345.0,3201.0,5.0,0.0,0.0
2026-09-20T00:33:56.079613+00:00,3,78.43,36.0,0.0,1.0,345.0,3201.0,5.0,0.0,0.0
2026-09-20T00:33:57.152715+00:00,0,78.46,32.0,0.0,1.0,345.0,3201.0,5.0,0.0,0.0
2026-09-20T00:33:57.152715+00:00,1,77.62,37.0,0.0,1.0,345.0,3201.0,5.0,0.0,0.0
2026-09-20T00:33:57.152715+00:00,2,77.83,35.0,0.0,1.0,345.0,3201.0,5.0,0.0,0.0
2026-09-20T00:33:57.152715+00:00,3,78.46,36.0,0.0,1.0,345.0,3201.0,5.0,0.0,0.0
2026-09-20T00:33:58.225714+00:00,0,78.51,32.0,0.0,1.0,345.0,3201.0,5.0,0.0,0.0
2026-09-20T00:33:58.225714+00:00,1,77.62,37.0,0.0,1.0,345.0,3201.0,5.0,0.0,0.0
2026-09-20T00:33:58.225714+00:00,2,77.82,35.0,0.0,1.0,345.0,3201.0,5.0,0.0,0.0
2026-09-20T00:33:58.225714+00:00,3,78.49,36.0,0.0,1.0,345.0,3201.0,5.0,0.0,0.0
2026-09-20T00:33:59.311815+00:00,0,78.48,32.0,0.0,1.0,345.0,3201.0,5.0,0.0,0.0
2026-09-20T00:33:59.311815+00:00,1,77.64,37.0,0.0,1.0,345.0,3201.0,5.0,0.0,0.0
2026-09-20T00:33:59.311815+00:00,2,77.86,35.0,0.0,1.0,345.0,3201.0,5.0,0.0,0.0
2026-09-20T00:33:59.311815+00:00,3,78.47,36.0,0.0,1.0,345.0,3201.0,5.0,0.0,0.0
2026-09-20T00:34:00.385220+00:00,0,78.55,32.0,0.0,1.0,345.0,3201.0,5.0,0.0,0.0
2026-09-20T00:34:00.385220+00:00,1,77.65,37.0,0.0,1.0,345.0,3201.0,5.0,0.0,0.0
2026-09-20T00:34:00.385220+00:00,2,77.86,35.0,0.0,1.0,345.0,3201.0,5.0,0.0,0.0
2026-09-20T00:34:00.385220+00:00,3,78.56,36.0,0.0,1.0,345.0,3201.0,5.0,0.0,0.0
2026-09-20T00:34:01.457876+00:00,0,78.56,32.0,0.0,1.0,345.0,3201.0,5.0,0.0,0.0
2026-09-20T00:34:01.457876+00:00,1,77.66,37.0,0.0,1.0,345.0,3201.0,5.0,0.0,0.0
2026-09-20T00:34:01.457876+00:00,2,77.9,35.0,0.0,1.0,345.0,3201.0,5.0,0.0,0.0
2026-09-20T00:34:01.457876+00:00,3,78.63,36.0,0.0,1.0,345.0,3201.0,5.0,0.0,0.0
2026-09-20T00:34:02.533231+00:00,0,78.58,32.0,0.0,1.0,345.0,3201.0,5.0,0.0,0.0
2026-09-20T00:34:02.533231+00:00,1,77.66,37.0,0.0,1.0,345.0,3201.0,5.0,0.0,0.0
2026-09-20T00:34:02.533231+00:00,2,77.89,35.0,0.0,1.0,345.0,3201.0,5.0,0.0,0.0
2026-09-20T00:34:02.533231+00:00,3,78.56,36.0,0.0,1.0,345.0,3201.0,5.0,0.0,0.0
2026-09-20T00:34:03.605893+00:00,0,78.59,32.0,0.0,1.0,345.0,3201.0,5.0,0.0,0.0
2026-09-20T00:34:03.605893+00:00,1,77.7,37.0,0.0,1.0,345.0,3201.0,5.0,0.0,0.0
2026-09-20T00:34:03.605893+00:00,2,77.9,35.0,0.0,1.0,345.0,3201.0,5.0,0.0,0.0
2026-09-20T00:34:03.605893+00:00,3,78.54,36.0,0.0,1.0,345.0,3201.0,5.0,0.0,0.0
2026-09-20T00:34:04.678454+00:00,0,78.63,32.0,0.0,1.0,345.0,3201.0,5.0,0.0,0.0
2026-09-20T00:34:04.678454+00:00,1,77.67,37.0,0.0,1.0,345.0,3201.0,5.0,0.0,0.0
2026-09-20T00:34:04.678454+00:00,2,77.9,35.0,0.0,1.0,345.0,3201.0,5.0,0.0,0.0
2026-09-20T00:34:04.678454+00:00,3,78.56,36.0,0.0,1.0,345.0,3201.0,5.0,0.0,0.0
2026-09-20T00:34:05.750945+00:00,0,78.57,32.0,0.0,1.0,345.0,3201.0,5.0,0.0,0.0
2026-09-20T00:34:05.750945+00:00,1,77.69,37.0,0.0,1.0,345.0,3201.0,5.0,0.0,0.0
2026-09-20T00:34:05.750945+00:00,2,77.95,35.0,0.0,1.0,345.0,3201.0,5.0,0.0,0.0
2026-09-20T00:34:05.750945+00:00,3,78.43,36.0,0.0,1.0,345.0,3201.0,5.0,0.0,0.0
2026-09-20T00:34:06.824573+00:00,0,78.64,32.0,0.0,1.0,345.0,3201.0,5.0,0.0,0.0
2026-09-20T00:34:06.824573+00:00,1,77.68,37.0,0.0,1.0,345.0,3201.0,5.0,0.0,0.0
2026-09-20T00:34:06.824573+00:00,2,77.92,35.0,0.0,1.0,345.0,3201.0,5.0,0.0,0.0
2026-09-20T00:34:06.824573+00:00,3,78.46,36.0,0.0,1.0,345.0,3201.0,5.0,0.0,0.0
2026-09-20T00:34:07.897319+00:00,0,78.58,32.0,0.0,1.0,345.0,3201.0,5.0,0.0,0.0
2026-09-20T00:34:07.897319+00:00,1,77.68,37.0,0.0,1.0,345.0,3201.0,5.0,0.0,0.0
2026-09-20T00:34:07.897319+00:00,2,77.93,35.0,0.0,1.0,345.0,3201.0,5.0,0.0,0.0
2026-09-20T00:34:07.897319+00:00,3,78.48,36.0,0.0,1.0,345.0,3201.0,5.0,0.0,0.0
2026-09-20T00:34:08.970053+00:00,0,78.66,32.0,0.0,1.0,345.0,3201.0,5.0,0.0,0.0
2026-09-20T00:34:08.970053+00:00,1,77.71,37.0,0.0,1.0,345.0,3201.0,5.0,0.0,0.0
2026-09-20T00:34:08.970053+00:00,2,77.91,35.0,0.0,1.0,345.0,3201.0,5.0,0.0,0.0
2026-09-20T00:34:08.970053+00:00,3,78.41,36.0,0.0,1.0,345.0,3201.0,5.0,0.0,0.0
2026-09-20T00:34:10.042728+00:00,0,78.63,32.0,0.0,1.0,345.0,3201.0,5.0,0.0,0.0
2026-09-20T00:34:10.042728+00:00,1,77.7,37.0,0.0,1.0,345.0,3201.0,5.0,0.0,0.0
2026-09-20T00:34:10.042728+00:00,2,77.93,35.0,0.0,1.0,345.0,3201.0,5.0,0.0,0.0
2026-09-20T00:34:10.042728+00:00,3,78.43,36.0,0.0,1.0,345.0,3201.0,5.0,0.0,0.0
2026-09-20T00:34:11.116222+00:00,0,78.63,32.0,0.0,1.0,345.0,3201.0,5.0,0.0,0.0
2026-09-20T00:34:11.116222+00:00,1,77.74,37.0,0.0,1.0,345.0,3201.0,5.0,0.0,0.0
2026-09-20T00:34:11.116222+00:00,2,77.94,35.0,0.0,1.0,345.0,3201.0,5.0,0.0,0.0
2026-09-20T00:34:11.116222+00:00,3,78.46,36.0,0.0,1.0,345.0,3201.0,5.0,0.0,0.0
2026-09-20T00:34:12.189356+00:00,0,78.65,32.0,0.0,1.0,345.0,3201.0,5.0,0.0,0.0
2026-09-20T00:34:12.189356+00:00,1,77.69,37.0,0.0,1.0,345.0,3201.0,5.0,0.0,0.0
2026-09-20T00:34:12.189356+00:00,2,77.93,35.0,0.0,1.0,345.0,3201.0,5.0,0.0,0.0
2026-09-20T00:34:12.189356+00:00,3,78.5,36.0,0.0,1.0,345.0,3201.0,5.0,0.0,0.0
2026-09-20T00:34:13.262342+00:00,0,78.64,32.0,0.0,1.0,345.0,3201.0,5.0,0.0,0.0
2026-09-20T00:34:13.262342+00:00,1,77.73,37.0,0.0,1.0,345.0,3201.0,5.0,0.0,0.0
2026-09-20T00:34:13.262342+00:00,2,77.92,35.0,0.0,1.0,345.0,3201.0,5.0,0.0,0.0
2026-09-20T00:34:13.262342+00:00,3,78.46,36.0,0.0,1.0,345.0,3201.0,5.0,0.0,0.0
2026-09-20T00:34:14.335576+00:00,0,78.65,32.0,0.0,1.0,345.0,3201.0,5.0,0.0,0.0
2026-09-20T00:34:14.335576+00:00,1,77.7,37.0,0.0,1.0,345.0,3201.0,5.0,0.0,0.0
2026-09-20T00:34:14.335576+00:00,2,77.95,35.0,0.0,1.0,345.0,3201.0,5.0,0.0,0.0
2026-09-20T00:34:14.335576+00:00,3,78.47,36.0,0.0,1.0,345.0,3201.0,5.0,0.0,0.0
2026-09-20T00:34:15.408967+00:00,0,78.68,32.0,0.0,1.0,345.0,3201.0,5.0,0.0,0.0
2026-09-20T00:34:15.408967+00:00,1,77.76,37.0,0.0,1.0,345.0,3201.0,5.0,0.0,0.0
2026-09-20T00:34:15.408967+00:00,2,77.91,35.0,0.0,1.0,345.0,3201.0,5.0,0.0,0.0
2026-09-20T00:34:15.408967+00:00,3,78.5,36.0,0.0,1.0,345.0,3201.0,5.0,0.0,0.0
2026-09-20T00:34:16.483924+00:00,0,78.63,32.0,0.0,1.0,345.0,3201.0,5.0,0.0,0.0
2026-09-20T00:34:16.483924+00:00,1,77.76,37.0,0.0,1.0,345.0,3201.0,5.0,0.0,0.0
2026-09-20T00:34:16.483924+00:00,2,77.94,35.0,0.0,1.0,345.0,3201.0,5.0,0.0,0.0
2026-09-20T00:34:16.483924+00:00,3,78.45,36.0,0.0,1.0,345.0,3201.0,5.0,0.0,0.0
2026-09-20T00:34:17.557102+00:00,0,78.65,32.0,0.0,1.0,345.0,3201.0,5.0,0.0,0.0
2026-09-20T00:34:17.557102+00:00,1,77.72,37.0,0.0,1.0,345.0,3201.0,5.0,0.0,0.0
2026-09-20T00:34:17.557102+00:00,2,77.91,35.0,0.0,1.0,345.0,3201.0,5.0,0.0,0.0
2026-09-20T00:34:17.557102+00:00,3,78.5,36.0,0.0,1.0,345.0,3201.0,5.0,0.0,0.0
2026-09-20T00:34:18.631722+00:00,0,78.66,32.0,0.0,1.0,345.0,3201.0,5.0,0.0,0.0
2026-09-20T00:34:18.631722+00:00,1,77.73,37.0,0.0,1.0,345.0,3201.0,5.0,0.0,0.0
2026-09-20T00:34:18.631722+00:00,2,77.92,35.0,0.0,1.0,345.0,3201.0,5.0,0.0,0.0
2026-09-20T00:34:18.631722+00:00,3,78.51,36.0,0.0,1.0,345.0,3201.0,5.0,0.0,0.0
2026-09-20T00:34:19.704669+00:00,0,78.62,32.0,0.0,1.0,345.0,3201.0,5.0,0.0,0.0
2026-09-20T00:34:19.704669+00:00,1,77.69,37.0,0.0,1.0,345.0,3201.0,5.0,0.0,0.0
2026-09-20T00:34:19.704669+00:00,2,77.9,35.0,0.0,1.0,345.0,3201.0,5.0,0.0,0.0
2026-09-20T00:34:19.704669+00:00,3,78.47,36.0,0.0,1.0,345.0,3201.0,5.0,0.0,0.0
2026-09-20T00:34:20.778680+00:00,0,78.66,32.0,0.0,1.0,345.0,3201.0,5.0,0.0,0.0
2026-09-20T00:34:20.778680+00:00,1,77.66,37.0,0.0,1.0,345.0,3201.0,5.0,0.0,0.0
2026-09-20T00:34:20.778680+00:00,2,77.87,35.0,0.0,1.0,345.0,3201.0,5.0,0.0,0.0
2026-09-20T00:34:20.778680+00:00,3,78.44,36.0,0.0,1.0,345.0,3201.0,5.0,0.0,0.0
2026-09-20T00:34:21.853014+00:00,0,78.63,32.0,0.0,1.0,345.0,3201.0,5.0,0.0,0.0
2026-09-20T00:34:21.853014+00:00,1,77.73,37.0,0.0,1.0,345.0,3201.0,5.0,0.0,0.0
2026-09-20T00:34:21.853014+00:00,2,77.87,35.0,0.0,1.0,345.0,3201.0,5.0,0.0,0.0
2026-09-20T00:34:21.853014+00:00,3,78.46,36.0,0.0,1.0,345.0,3201.0,5.0,0.0,0.0
2026-09-20T00:34:22.935129+00:00,0,78.64,32.0,0.0,1.0,345.0,3201.0,5.0,0.0,0.0
2026-09-20T00:34:22.935129+00:00,1,77.71,37.0,0.0,1.0,345.0,3201.0,5.0,0.0,0.0
2026-09-20T00:34:22.935129+00:00,2,77.86,35.0,0.0,1.0,345.0,3201.0,5.0,0.0,0.0
2026-09-20T00:34:22.935129+00:00,3,78.45,36.0,0.0,1.0,345.0,3201.0,5.0,0.0,0.0
2026-09-20T00:34:24.016975+00:00,0,78.65,32.0,0.0,1.0,345.0,3201.0,5.0,0.0,0.0
2026-09-20T00:34:24.016975+00:00,1,77.69,37.0,0.0,1.0,345.0,3201.0,5.0,0.0,0.0
2026-09-20T00:34:24.016975+00:00,2,77.89,35.0,0.0,1.0,345.0,3201.0,5.0,0.0,0.0
2026-09-20T00:34:24.016975+00:00,3,78.43,36.0,0.0,1.0,345.0,3201.0,5.0,0.0,0.0
2026-09-20T00:34:25.105963+00:00,0,78.64,32.0,0.0,1.0,345.0,3201.0,5.0,0.0,0.0
2026-09-20T00:34:25.105963+00:00,1,77.68,37.0,0.0,1.0,345.0,3201.0,5.0,0.0,0.0
2026-09-20T00:34:25.105963+00:00,2,77.86,35.0,0.0,1.0,345.0,3201.0,5.0,0.0,0.0
2026-09-20T00:34:25.105963+00:00,3,78.43,36.0,0.0,1.0,345.0,3201.0,5.0,0.0,0.0
2026-09-20T00:34:26.184789+00:00,0,78.64,32.0,0.0,1.0,345.0,3201.0,5.0,0.0,0.0
2026-09-20T00:34:26.184789+00:00,1,77.71,37.0,0.0,1.0,345.0,3201.0,5.0,0.0,0.0
2026-09-20T00:34:26.184789+00:00,2,77.86,35.0,0.0,1.0,345.0,3201.0,5.0,0.0,0.0
2026-09-20T00:34:26.184789+00:00,3,78.44,36.0,0.0,1.0,345.0,3201.0,5.0,0.0,0.0
2026-09-20T00:34:27.266988+00:00,0,78.65,32.0,0.0,1.0,345.0,3201.0,5.0,0.0,0.0
2026-09-20T00:34:27.266988+00:00,1,77.71,37.0,0.0,1.0,345.0,3201.0,5.0,0.0,0.0
2026-09-20T00:34:27.266988+00:00,2,77.86,35.0,0.0,1.0,345.0,3201.0,5.0,0.0,0.0
2026-09-20T00:34:27.266988+00:00,3,78.42,36.0,0.0,1.0,345.0,3201.0,5.0,0.0,0.0
2026-09-20T00:34:28.348753+00:00,0,78.63,32.0,0.0,1.0,345.0,3201.0,5.0,0.0,0.0
2026-09-20T00:34:28.348753+00:00,1,77.72,37.0,0.0,1.0,345.0,3201.0,5.0,0.0,0.0
2026-09-20T00:34:28.348753+00:00,2,77.85,35.0,0.0,1.0,345.0,3201.0,5.0,0.0,0.0
2026-09-20T00:34:28.348753+00:00,3,78.43,36.0,0.0,1.0,345.0,3201.0,5.0,0.0,0.0
2026-09-20T00:34:29.433373+00:00,0,78.65,32.0,0.0,1.0,345.0,3201.0,5.0,0.0,0.0
2026-09-20T00:34:29.433373+00:00,1,77.72,37.0,0.0,1.0,345.0,3201.0,5.0,0.0,0.0
2026-09-20T00:34:29.433373+00:00,2,77.83,35.0,0.0,1.0,345.0,3201.0,5.0,0.0,0.0
2026-09-20T00:34:29.433373+00:00,3,78.46,36.0,0.0,1.0,345.0,3201.0,5.0,0.0,0.0
2026-09-20T00:34:30.517107+00:00,0,78.65,32.0,0.0,1.0,345.0,3201.0,5.0,0.0,0.0
2026-09-20T00:34:30.517107+00:00,1,77.71,37.0,0.0,1.0,345.0,3201.0,5.0,0.0,0.0
2026-09-20T00:34:30.517107+00:00,2,77.78,35.0,0.0,1.0,345.0,3201.0,5.0,0.0,0.0
2026-09-20T00:34:30.517107+00:00,3,78.47,36.0,0.0,1.0,345.0,3201.0,5.0,0.0,0.0
2026-09-20T00:34:31.600874+00:00,0,78.63,32.0,0.0,1.0,345.0,3201.0,5.0,0.0,0.0
2026-09-20T00:34:31.600874+00:00,1,77.68,37.0,0.0,1.0,345.0,3201.0,5.0,0.0,0.0
2026-09-20T00:34:31.600874+00:00,2,77.81,35.0,0.0,1.0,345.0,3201.0,5.0,0.0,0.0
2026-09-20T00:34:31.600874+00:00,3,78.42,36.0,0.0,1.0,345.0,3201.0,5.0,0.0,0.0
2026-09-20T00:34:32.680658+00:00,0,78.65,32.0,0.0,1.0,345.0,3201.0,5.0,0.0,0.0
2026-09-20T00:34:32.680658+00:00,1,77.68,37.0,0.0,1.0,345.0,3201.0,5.0,0.0,0.0
2026-09-20T00:34:32.680658+00:00,2,77.76,35.0,0.0,1.0,345.0,3201.0,5.0,0.0,0.0
2026-09-20T00:34:32.680658+00:00,3,78.42,36.0,0.0,1.0,345.0,3201.0,5.0,0.0,0.0
2026-09-20T00:34:33.762727+00:00,0,78.61,32.0,0.0,1.0,345.0,3201.0,5.0,0.0,0.0
2026-09-20T00:34:33.762727+00:00,1,77.68,37.0,0.0,1.0,345.0,3201.0,5.0,0.0,0.0
2026-09-20T00:34:33.762727+00:00,2,77.81,35.0,0.0,1.0,345.0,3201.0,5.0,0.0,0.0
2026-09-20T00:34:33.762727+00:00,3,78.47,36.0,0.0,1.0,345.0,3201.0,5.0,0.0,0.0
2026-09-20T00:34:34.845824+00:00,0,78.62,32.0,0.0,1.0,345.0,3201.0,5.0,0.0,0.0
2026-09-20T00:34:34.845824+00:00,1,77.66,37.0,0.0,1.0,345.0,3201.0,5.0,0.0,0.0
2026-09-20T00:34:34.845824+00:00,2,77.83,35.0,0.0,1.0,345.0,3201.0,5.0,0.0,0.0
2026-09-20T00:34:34.845824+00:00,3,78.41,36.0,0.0,1.0,345.0,3201.0,5.0,0.0,0.0
2026-09-20T00:34:35.927789+00:00,0,78.62,32.0,0.0,1.0,345.0,3201.0,5.0,0.0,0.0
2026-09-20T00:34:35.927789+00:00,1,77.68,37.0,0.0,1.0,345.0,3201.0,5.0,0.0,0.0
2026-09-20T00:34:35.927789+00:00,2,77.81,35.0,0.0,1.0,345.0,3201.0,5.0,0.0,0.0
2026-09-20T00:34:35.927789+00:00,3,78.51,36.0,0.0,1.0,345.0,3201.0,5.0,0.0,0.0
2026-09-20T00:34:37.009795+00:00,0,78.61,32.0,0.0,1.0,345.0,3201.0,5.0,0.0,0.0
2026-09-20T00:34:37.009795+00:00,1,77.67,37.0,0.0,1.0,345.0,3201.0,5.0,0.0,0.0
2026-09-20T00:34:37.009795+00:00,2,77.81,35.0,0.0,1.0,345.0,3201.0,5.0,0.0,0.0
2026-09-20T00:34:37.009795+00:00,3,78.42,36.0,0.0,1.0,345.0,3201.0,5.0,0.0,0.0
2026-09-20T00:34:38.088572+00:00,0,78.62,32.0,0.0,1.0,345.0,3201.0,5.0,0.0,0.0
2026-09-20T00:34:38.088572+00:00,1,77.66,37.0,0.0,1.0,345.0,3201.0,5.0,0.0,0.0
2026-09-20T00:34:38.088572+00:00,2,77.77,35.0,0.0,1.0,345.0,3201.0,5.0,0.0,0.0
2026-09-20T00:34:38.088572+00:00,3,78.39,36.0,0.0,1.0,345.0,3201.0,5.0,0.0,0.0
2026-09-20T00:34:39.168142+00:00,0,78.6,32.0,0.0,1.0,345.0,3201.0,5.0,0.0,0.0
2026-09-20T00:34:39.168142+00:00,1,77.64,37.0,0.0,1.0,345.0,3201.0,5.0,0.0,0.0
2026-09-20T00:34:39.168142+00:00,2,77.79,35.0,0.0,1.0,345.0,3201.0,5.0,0.0,0.0
2026-09-20T00:34:39.168142+00:00,3,78.41,36.0,0.0,1.0,345.0,3201.0,5.0,0.0,0.0
2026-09-20T00:34:40.250501+00:00,0,78.59,32.0,0.0,1.0,345.0,3201.0,5.0,0.0,0.0
2026-09-20T00:34:40.250501+00:00,1,77.66,37.0,0.0,1.0,345.0,3201.0,5.0,0.0,0.0
2026-09-20T00:34:40.250501+00:00,2,77.79,35.0,0.0,1.0,345.0,3201.0,5.0,0.0,0.0
2026-09-20T00:34:40.250501+00:00,3,78.41,36.0,0.0,1.0,345.0,3201.0,5.0,0.0,0.0
2026-09-20T00:34:41.335510+00:00,0,78.62,32.0,0.0,1.0,345.0,3201.0,5.0,0.0,0.0
2026-09-20T00:34:41.335510+00:00,1,77.63,37.0,0.0,1.0,345.0,3201.0,5.0,0.0,0.0
2026-09-20T00:34:41.335510+00:00,2,77.76,35.0,0.0,1.0,345.0,3201.0,5.0,0.0,0.0
2026-09-20T00:34:41.335510+00:00,3,78.39,36.0,0.0,1.0,345.0,3201.0,5.0,0.0,0.0
2026-09-20T00:34:42.408794+00:00,0,78.57,32.0,0.0,1.0,345.0,3201.0,5.0,0.0,0.0
2026-09-20T00:34:42.408794+00:00,1,77.64,37.0,0.0,1.0,345.0,3201.0,5.0,0.0,0.0
2026-09-20T00:34:42.408794+00:00,2,77.79,35.0,0.0,1.0,345.0,3201.0,5.0,0.0,0.0
2026-09-20T00:34:42.408794+00:00,3,78.4,36.0,0.0,1.0,345.0,3201.0,5.0,0.0,0.0
2026-09-20T00:34:43.481442+00:00,0,78.56,32.0,0.0,1.0,345.0,3201.0,5.0,0.0,0.0
2026-09-20T00:34:43.481442+00:00,1,77.66,37.0,0.0,1.0,345.0,3201.0,5.0,0.0,0.0
2026-09-20T00:34:43.481442+00:00,2,77.76,35.0,0.0,1.0,345.0,3201.0,5.0,0.0,0.0
2026-09-20T00:34:43.481442+00:00,3,78.43,36.0,0.0,1.0,345.0,3201.0,5.0,0.0,0.0
2026-09-20T00:34:44.613078+00:00,0,78.56,32.0,0.0,1.0,345.0,3201.0,5.0,0.0,0.0
2026-09-20T00:34:44.613078+00:00,1,77.65,37.0,0.0,1.0,345.0,3201.0,5.0,0.0,0.0
2026-09-20T00:34:44.613078+00:00,2,77.77,35.0,0.0,1.0,345.0,3201.0,5.0,0.0,0.0
2026-09-20T00:34:44.613078+00:00,3,78.47,36.0,0.0,1.0,345.0,3201.0,5.0,0.0,0.0
2026-09-20T00:34:45.686121+00:00,0,78.53,32.0,0.0,1.0,345.0,3201.0,5.0,0.0,0.0
2026-09-20T00:34:45.686121+00:00,1,77.66,37.0,0.0,1.0,345.0,3201.0,5.0,0.0,0.0
2026-09-20T00:34:45.686121+00:00,2,77.78,35.0,0.0,1.0,345.0,3201.0,5.0,0.0,0.0
2026-09-20T00:34:45.686121+00:00,3,78.46,36.0,0.0,1.0,345.0,3201.0,5.0,0.0,0.0
2026-09-20T00:34:46.758162+00:00,0,78.5,32.0,0.0,1.0,345.0,3201.0,5.0,0.0,0.0
2026-09-20T00:34:46.758162+00:00,1,77.63,37.0,0.0,1.0,345.0,3201.0,5.0,0.0,0.0
2026-09-20T00:34:46.758162+00:00,2,77.72,35.0,0.0,1.0,345.0,3201.0,5.0,0.0,0.0
2026-09-20T00:34:46.758162+00:00,3,78.42,36.0,0.0,1.0,345.0,3201.0,5.0,0.0,0.0
2026-09-20T00:34:47.833496+00:00,0,78.49,32.0,0.0,1.0,345.0,3201.0,5.0,0.0,0.0
2026-09-20T00:34:47.833496+00:00,1,77.63,37.0,0.0,1.0,345.0,3201.0,5.0,0.0,0.0
2026-09-20T00:34:47.833496+00:00,2,77.74,35.0,0.0,1.0,345.0,3201.0,5.0,0.0,0.0
2026-09-20T00:34:47.833496+00:00,3,78.38,35.0,0.0,1.0,345.0,3201.0,5.0,0.0,0.0
2026-09-20T00:34:48.905321+00:00,0,78.44,32.0,0.0,1.0,345.0,3201.0,5.0,0.0,0.0
2026-09-20T00:34:48.905321+00:00,1,77.6,37.0,0.0,1.0,345.0,3201.0,5.0,0.0,0.0
2026-09-20T00:34:48.905321+00:00,2,77.74,35.0,0.0,1.0,345.0,3201.0,5.0,0.0,0.0
2026-09-20T00:34:48.905321+00:00,3,78.36,35.0,0.0,1.0,345.0,3201.0,5.0,0.0,0.0
2026-09-20T00:34:49.977063+00:00,0,78.47,32.0,0.0,1.0,345.0,3201.0,5.0,0.0,0.0
2026-09-20T00:34:49.977063+00:00,1,77.59,37.0,0.0,1.0,345.0,3201.0,5.0,0.0,0.0
2026-09-20T00:34:49.977063+00:00,2,77.73,35.0,0.0,1.0,345.0,3201.0,5.0,0.0,0.0
2026-09-20T00:34:49.977063+00:00,3,78.4,35.0,0.0,1.0,345.0,3201.0,5.0,0.0,0.0
2026-09-20T00:34:51.049831+00:00,0,78.4,32.0,0.0,1.0,345.0,3201.0,5.0,0.0,0.0
2026-09-20T00:34:51.049831+00:00,1,77.6,37.0,0.0,1.0,345.0,3201.0,5.0,0.0,0.0
2026-09-20T00:34:51.049831+00:00,2,77.75,35.0,0.0,1.0,345.0,3201.0,5.0,0.0,0.0
2026-09-20T00:34:51.049831+00:00,3,78.36,35.0,0.0,1.0,345.0,3201.0,5.0,0.0,0.0
2026-09-20T00:34:52.121980+00:00,0,78.44,32.0,0.0,1.0,345.0,3201.0,5.0,0.0,0.0
2026-09-20T00:34:52.121980+00:00,1,77.62,37.0,0.0,1.0,345.0,3201.0,5.0,0.0,0.0
2026-09-20T00:34:52.121980+00:00,2,77.71,35.0,0.0,1.0,345.0,3201.0,5.0,0.0,0.0
2026-09-20T00:34:52.121980+00:00,3,78.35,35.0,0.0,1.0,345.0,3201.0,5.0,0.0,0.0
2026-09-20T00:34:53.194584+00:00,0,78.39,32.0,0.0,1.0,345.0,3201.0,5.0,0.0,0.0
2026-09-20T00:34:53.194584+00:00,1,77.61,37.0,0.0,1.0,345.0,3201.0,5.0,0.0,0.0
2026-09-20T00:34:53.194584+00:00,2,77.75,35.0,0.0,1.0,345.0,3201.0,5.0,0.0,0.0
2026-09-20T00:34:53.194584+00:00,3,78.38,35.0,0.0,1.0,345.0,3201.0,5.0,0.0,0.0
2026-09-20T00:34:54.266354+00:00,0,78.36,32.0,0.0,1.0,345.0,3201.0,5.0,0.0,0.0
2026-09-20T00:34:54.266354+00:00,1,77.58,37.0,0.0,1.0,345.0,3201.0,5.0,0.0,0.0
2026-09-20T00:34:54.266354+00:00,2,77.72,35.0,0.0,1.0,345.0,3201.0,5.0,0.0,0.0
2026-09-20T00:34:54.266354+00:00,3,78.35,35.0,0.0,1.0,345.0,3201.0,5.0,0.0,0.0
2026-09-20T00:34:55.338219+00:00,0,78.38,32.0,0.0,1.0,345.0,3201.0,5.0,0.0,0.0
2026-09-20T00:34:55.338219+00:00,1,77.57,37.0,0.0,1.0,345.0,3201.0,5.0,0.0,0.0
2026-09-20T00:34:55.338219+00:00,2,77.72,35.0,0.0,1.0,345.0,3201.0,5.0,0.0,0.0
2026-09-20T00:34:55.338219+00:00,3,78.36,35.0,0.0,1.0,345.0,3201.0,5.0,0.0,0.0
2026-09-20T00:34:56.412879+00:00,0,78.36,32.0,0.0,1.0,345.0,3201.0,5.0,0.0,0.0
2026-09-20T00:34:56.412879+00:00,1,77.54,37.0,0.0,1.0,345.0,3201.0,5.0,0.0,0.0
2026-09-20T00:34:56.412879+00:00,2,77.7,34.0,0.0,1.0,345.0,3201.0,5.0,0.0,0.0
2026-09-20T00:34:56.412879+00:00,3,78.36,35.0,0.0,1.0,345.0,3201.0,5.0,0.0,0.0
2026-09-20T00:34:57.485185+00:00,0,78.34,31.0,0.0,1.0,345.0,3201.0,5.0,0.0,0.0
2026-09-20T00:34:57.485185+00:00,1,77.55,37.0,0.0,1.0,345.0,3201.0,5.0,0.0,0.0
2026-09-20T00:34:57.485185+00:00,2,77.66,34.0,0.0,1.0,345.0,3201.0,5.0,0.0,0.0
2026-09-20T00:34:57.485185+00:00,3,78.35,35.0,0.0,1.0,345.0,3201.0,5.0,0.0,0.0
2026-09-20T00:34:58.556756+00:00,0,78.32,31.0,0.0,1.0,345.0,3201.0,5.0,0.0,0.0
2026-09-20T00:34:58.556756+00:00,1,77.55,37.0,0.0,1.0,345.0,3201.0,5.0,0.0,0.0
2026-09-20T00:34:58.556756+00:00,2,77.66,34.0,0.0,1.0,345.0,3201.0,5.0,0.0,0.0
2026-09-20T00:34:58.556756+00:00,3,78.36,35.0,0.0,1.0,345.0,3201.0,5.0,0.0,0.0
2026-09-20T00:34:59.629113+00:00,0,78.29,31.0,0.0,1.0,345.0,3201.0,5.0,0.0,0.0
2026-09-20T00:34:59.629113+00:00,1,77.54,37.0,0.0,1.0,345.0,3201.0,5.0,0.0,0.0
2026-09-20T00:34:59.629113+00:00,2,77.64,34.0,0.0,1.0,345.0,3201.0,5.0,0.0,0.0
2026-09-20T00:34:59.629113+00:00,3,78.32,35.0,0.0,1.0,345.0,3201.0,5.0,0.0,0.0
2026-09-20T00:35:00.704037+00:00,0,78.32,31.0,0.0,1.0,345.0,3201.0,5.0,0.0,0.0
2026-09-20T00:35:00.704037+00:00,1,77.53,37.0,0.0,1.0,345.0,3201.0,5.0,0.0,0.0
2026-09-20T00:35:00.704037+00:00,2,77.68,34.0,0.0,1.0,345.0,3201.0,5.0,0.0,0.0
2026-09-20T00:35:00.704037+00:00,3,78.37,35.0,0.0,1.0,345.0,3201.0,5.0,0.0,0.0
2026-09-20T00:35:01.776708+00:00,0,78.28,31.0,0.0,1.0,345.0,3201.0,5.0,0.0,0.0
2026-09-20T00:35:01.776708+00:00,1,77.55,37.0,0.0,1.0,345.0,3201.0,5.0,0.0,0.0
2026-09-20T00:35:01.776708+00:00,2,77.64,34.0,0.0,1.0,345.0,3201.0,5.0,0.0,0.0
2026-09-20T00:35:01.776708+00:00,3,78.34,35.0,0.0,1.0,345.0,3201.0,5.0,0.0,0.0
2026-09-20T00:35:02.849355+00:00,0,78.28,31.0,0.0,1.0,345.0,3201.0,5.0,0.0,0.0
2026-09-20T00:35:02.849355+00:00,1,77.52,37.0,0.0,1.0,345.0,3201.0,5.0,0.0,0.0
2026-09-20T00:35:02.849355+00:00,2,77.63,34.0,0.0,1.0,345.0,3201.0,5.0,0.0,0.0
2026-09-20T00:35:02.849355+00:00,3,78.31,35.0,0.0,1.0,345.0,3201.0,5.0,0.0,0.0
2026-09-20T00:35:03.923010+00:00,0,78.27,31.0,0.0,1.0,345.0,3201.0,5.0,0.0,0.0
2026-09-20T00:35:03.923010+00:00,1,77.53,37.0,0.0,1.0,345.0,3201.0,5.0,0.0,0.0
2026-09-20T00:35:03.923010+00:00,2,77.66,34.0,0.0,1.0,345.0,3201.0,5.0,0.0,0.0
2026-09-20T00:35:03.923010+00:00,3,78.33,35.0,0.0,1.0,345.0,3201.0,5.0,0.0,0.0
2026-09-20T00:35:04.994944+00:00,0,78.23,31.0,0.0,1.0,345.0,3201.0,5.0,0.0,0.0
2026-09-20T00:35:04.994944+00:00,1,77.53,37.0,0.0,1.0,345.0,3201.0,5.0,0.0,0.0
2026-09-20T00:35:04.994944+00:00,2,77.66,34.0,0.0,1.0,345.0,3201.0,5.0,0.0,0.0
2026-09-20T00:35:04.994944+00:00,3,78.34,35.0,0.0,1.0,345.0,3201.0,5.0,0.0,0.0
2026-09-20T00:35:06.066596+00:00,0,78.27,31.0,0.0,1.0,345.0,3201.0,5.0,0.0,0.0
2026-09-20T00:35:06.066596+00:00,1,77.48,37.0,0.0,1.0,345.0,3201.0,5.0,0.0,0.0
2026-09-20T00:35:06.066596+00:00,2,77.64,34.0,0.0,1.0,345.0,3201.0,5.0,0.0,0.0
2026-09-20T00:35:06.066596+00:00,3,78.37,35.0,0.0,1.0,345.0,3201.0,5.0,0.0,0.0
2026-09-20T00:35:07.139557+00:00,0,78.3,31.0,0.0,1.0,345.0,3201.0,5.0,0.0,0.0
2026-09-20T00:35:07.139557+00:00,1,77.53,37.0,0.0,1.0,345.0,3201.0,5.0,0.0,0.0
2026-09-20T00:35:07.139557+00:00,2,77.67,34.0,0.0,1.0,345.0,3201.0,5.0,0.0,0.0
2026-09-20T00:35:07.139557+00:00,3,78.44,35.0,0.0,1.0,345.0,3201.0,5.0,0.0,0.0
2026-09-20T00:35:08.211010+00:00,0,78.27,31.0,0.0,1.0,345.0,3201.0,5.0,0.0,0.0
2026-09-20T00:35:08.211010+00:00,1,77.51,37.0,0.0,1.0,345.0,3201.0,5.0,0.0,0.0
2026-09-20T00:35:08.211010+00:00,2,77.7,35.0,0.0,1.0,345.0,3201.0,5.0,0.0,0.0
2026-09-20T00:35:08.211010+00:00,3,78.44,35.0,0.0,1.0,345.0,3201.0,5.0,0.0,0.0
2026-09-20T00:35:09.284976+00:00,0,78.35,32.0,0.0,1.0,345.0,3201.0,5.0,0.0,0.0
2026-09-20T00:35:09.284976+00:00,1,77.51,37.0,0.0,1.0,345.0,3201.0,5.0,0.0,0.0
2026-09-20T00:35:09.284976+00:00,2,77.71,35.0,0.0,1.0,345.0,3201.0,5.0,0.0,0.0
2026-09-20T00:35:09.284976+00:00,3,78.46,35.0,0.0,1.0,345.0,3201.0,5.0,0.0,0.0
2026-09-20T00:35:10.358630+00:00,0,78.3,32.0,0.0,1.0,345.0,3201.0,5.0,0.0,0.0
2026-09-20T00:35:10.358630+00:00,1,77.5,37.0,0.0,1.0,345.0,3201.0,5.0,0.0,0.0
2026-09-20T00:35:10.358630+00:00,2,77.76,35.0,0.0,1.0,345.0,3201.0,5.0,0.0,0.0
2026-09-20T00:35:10.358630+00:00,3,78.47,35.0,0.0,1.0,345.0,3201.0,5.0,0.0,0.0
2026-09-20T00:35:11.431301+00:00,0,78.36,32.0,0.0,1.0,345.0,3201.0,5.0,0.0,0.0
2026-09-20T00:35:11.431301+00:00,1,77.52,37.0,0.0,1.0,345.0,3201.0,5.0,0.0,0.0
2026-09-20T00:35:11.431301+00:00,2,77.73,35.0,0.0,1.0,345.0,3201.0,5.0,0.0,0.0
2026-09-20T00:35:11.431301+00:00,3,78.54,35.0,0.0,1.0,345.0,3201.0,5.0,0.0,0.0
2026-09-20T00:35:12.503594+00:00,0,78.34,32.0,0.0,1.0,345.0,3201.0,5.0,0.0,0.0
2026-09-20T00:35:12.503594+00:00,1,77.5,37.0,0.0,1.0,345.0,3201.0,5.0,0.0,0.0
2026-09-20T00:35:12.503594+00:00,2,77.71,35.0,0.0,1.0,345.0,3201.0,5.0,0.0,0.0
2026-09-20T00:35:12.503594+00:00,3,78.45,35.0,0.0,1.0,345.0,3201.0,5.0,0.0,0.0
2026-09-20T00:35:13.576398+00:00,0,78.32,32.0,0.0,1.0,345.0,3201.0,5.0,0.0,0.0
2026-09-20T00:35:13.576398+00:00,1,77.54,37.0,0.0,1.0,345.0,3201.0,5.0,0.0,0.0
2026-09-20T00:35:13.576398+00:00,2,77.71,35.0,0.0,1.0,345.0,3201.0,5.0,0.0,0.0
2026-09-20T00:35:13.576398+00:00,3,78.48,35.0,0.0,1.0,345.0,3201.0,5.0,0.0,0.0
2026-09-20T00:35:14.647901+00:00,0,78.37,32.0,0.0,1.0,345.0,3201.0,5.0,0.0,0.0
2026-09-20T00:35:14.647901+00:00,1,77.51,37.0,0.0,1.0,345.0,3201.0,5.0,0.0,0.0
2026-09-20T00:35:14.647901+00:00,2,77.71,34.0,0.0,1.0,345.0,3201.0,5.0,0.0,0.0
2026-09-20T00:35:14.647901+00:00,3,78.51,35.0,0.0,1.0,345.0,3201.0,5.0,0.0,0.0
2026-09-20T00:35:15.721469+00:00,0,78.31,32.0,0.0,1.0,345.0,3201.0,5.0,0.0,0.0
2026-09-20T00:35:15.721469+00:00,1,77.51,37.0,0.0,1.0,345.0,3201.0,5.0,0.0,0.0
2026-09-20T00:35:15.721469+00:00,2,77.66,34.0,0.0,1.0,345.0,3201.0,5.0,0.0,0.0
2026-09-20T00:35:15.721469+00:00,3,78.46,35.0,0.0,1.0,345.0,3201.0,5.0,0.0,0.0
2026-09-20T00:35:16.793118+00:00,0,78.41,32.0,0.0,1.0,345.0,3201.0,5.0,0.0,0.0
2026-09-20T00:35:16.793118+00:00,1,77.51,36.0,0.0,1.0,345.0,3201.0,5.0,0.0,0.0
2026-09-20T00:35:16.793118+00:00,2,77.7,34.0,0.0,1.0,345.0,3201.0,5.0,0.0,0.0
2026-09-20T00:35:16.793118+00:00,3,78.49,35.0,0.0,1.0,345.0,3201.0,5.0,0.0,0.0
2026-09-20T00:35:17.864670+00:00,0,78.35,32.0,0.0,1.0,345.0,3201.0,5.0,0.0,0.0
2026-09-20T00:35:17.864670+00:00,1,77.48,36.0,0.0,1.0,345.0,3201.0,5.0,0.0,0.0
2026-09-20T00:35:17.864670+00:00,2,77.65,34.0,0.0,1.0,345.0,3201.0,5.0,0.0,0.0
2026-09-20T00:35:17.864670+00:00,3,78.48,35.0,0.0,1.0,345.0,3201.0,5.0,0.0,0.0
2026-09-20T00:35:18.936524+00:00,0,78.36,32.0,0.0,1.0,345.0,3201.0,5.0,0.0,0.0
2026-09-20T00:35:18.936524+00:00,1,77.49,36.0,0.0,1.0,345.0,3201.0,5.0,0.0,0.0
2026-09-20T00:35:18.936524+00:00,2,77.63,34.0,0.0,1.0,345.0,3201.0,5.0,0.0,0.0
2026-09-20T00:35:18.936524+00:00,3,78.46,35.0,0.0,1.0,345.0,3201.0,5.0,0.0,0.0
2026-09-20T00:35:20.008081+00:00,0,78.37,32.0,0.0,1.0,345.0,3201.0,5.0,0.0,0.0
2026-09-20T00:35:20.008081+00:00,1,77.51,36.0,0.0,1.0,345.0,3201.0,5.0,0.0,0.0
2026-09-20T00:35:20.008081+00:00,2,77.64,34.0,0.0,1.0,345.0,3201.0,5.0,0.0,0.0
2026-09-20T00:35:20.008081+00:00,3,78.44,35.0,0.0,1.0,345.0,3201.0,5.0,0.0,0.0
2026-09-20T00:35:21.079736+00:00,0,78.36,32.0,0.0,1.0,345.0,3201.0,5.0,0.0,0.0
2026-09-20T00:35:21.079736+00:00,1,77.48,36.0,0.0,1.0,345.0,3201.0,5.0,0.0,0.0
2026-09-20T00:35:21.079736+00:00,2,77.63,34.0,0.0,1.0,345.0,3201.0,5.0,0.0,0.0
2026-09-20T00:35:21.079736+00:00,3,78.46,35.0,0.0,1.0,345.0,3201.0,5.0,0.0,0.0
2026-09-20T00:35:22.151268+00:00,0,78.35,32.0,0.0,1.0,345.0,3201.0,5.0,0.0,0.0
2026-09-20T00:35:22.151268+00:00,1,77.5,36.0,0.0,1.0,345.0,3201.0,5.0,0.0,0.0
2026-09-20T00:35:22.151268+00:00,2,77.6,34.0,0.0,1.0,345.0,3201.0,5.0,0.0,0.0
2026-09-20T00:35:22.151268+00:00,3,78.43,35.0,0.0,1.0,345.0,3201.0,5.0,0.0,0.0
2026-09-20T00:35:23.223220+00:00,0,78.35,32.0,0.0,1.0,345.0,3201.0,5.0,0.0,0.0
2026-09-20T00:35:23.223220+00:00,1,77.48,36.0,0.0,1.0,345.0,3201.0,5.0,0.0,0.0
2026-09-20T00:35:23.223220+00:00,2,77.6,34.0,0.0,1.0,345.0,3201.0,5.0,0.0,0.0
2026-09-20T00:35:23.223220+00:00,3,78.42,35.0,0.0,1.0,345.0,3201.0,5.0,0.0,0.0
2026-09-20T00:35:24.297866+00:00,0,78.36,32.0,0.0,1.0,345.0,3201.0,5.0,0.0,0.0
2026-09-20T00:35:24.297866+00:00,1,77.37,36.0,0.0,1.0,345.0,3201.0,5.0,0.0,0.0
2026-09-20T00:35:24.297866+00:00,2,77.66,34.0,0.0,1.0,345.0,3201.0,5.0,0.0,0.0
2026-09-20T00:35:24.297866+00:00,3,78.21,35.0,0.0,1.0,345.0,3201.0,5.0,0.0,0.0
2026-09-20T00:35:25.370877+00:00,0,78.4,32.0,0.0,1.0,345.0,3201.0,5.0,0.0,0.0
2026-09-20T00:35:25.370877+00:00,1,77.54,36.0,0.0,1.0,345.0,3201.0,5.0,0.0,0.0
2026-09-20T00:35:25.370877+00:00,2,77.62,34.0,0.0,1.0,345.0,3201.0,5.0,0.0,0.0
2026-09-20T00:35:25.370877+00:00,3,78.31,35.0,0.0,1.0,345.0,3201.0,5.0,0.0,0.0
2026-09-20T00:35:26.443646+00:00,0,78.37,32.0,0.0,1.0,345.0,3201.0,5.0,0.0,0.0
2026-09-20T00:35:26.443646+00:00,1,77.56,36.0,0.0,1.0,345.0,3201.0,5.0,0.0,0.0
2026-09-20T00:35:26.443646+00:00,2,77.62,34.0,0.0,1.0,345.0,3201.0,5.0,0.0,0.0
2026-09-20T00:35:26.443646+00:00,3,78.32,35.0,0.0,1.0,345.0,3201.0,5.0,0.0,0.0
2026-09-20T00:35:27.515530+00:00,0,78.44,32.0,0.0,1.0,345.0,3201.0,5.0,0.0,0.0
2026-09-20T00:35:27.515530+00:00,1,77.51,36.0,0.0,1.0,345.0,3201.0,5.0,0.0,0.0
2026-09-20T00:35:27.515530+00:00,2,77.67,34.0,0.0,1.0,345.0,3201.0,5.0,0.0,0.0
2026-09-20T00:35:27.515530+00:00,3,78.39,35.0,0.0,1.0,345.0,3201.0,5.0,0.0,0.0
2026-09-20T00:35:28.587178+00:00,0,78.31,32.0,0.0,1.0,345.0,3201.0,5.0,0.0,0.0
2026-09-20T00:35:28.587178+00:00,1,77.4,36.0,0.0,1.0,345.0,3201.0,5.0,0.0,0.0
2026-09-20T00:35:28.587178+00:00,2,77.69,34.0,0.0,1.0,345.0,3201.0,5.0,0.0,0.0
2026-09-20T00:35:28.587178+00:00,3,78.3,35.0,0.0,1.0,345.0,3201.0,5.0,0.0,0.0
2026-09-20T00:35:29.659077+00:00,0,78.32,32.0,0.0,1.0,345.0,3201.0,5.0,0.0,0.0
2026-09-20T00:35:29.659077+00:00,1,77.39,36.0,0.0,1.0,345.0,3201.0,5.0,0.0,0.0
2026-09-20T00:35:29.659077+00:00,2,77.58,34.0,0.0,1.0,345.0,3201.0,5.0,0.0,0.0
2026-09-20T00:35:29.659077+00:00,3,78.45,35.0,0.0,1.0,345.0,3201.0,5.0,0.0,0.0
2026-09-20T00:35:30.733485+00:00,0,78.24,32.0,0.0,1.0,345.0,3201.0,5.0,0.0,0.0
2026-09-20T00:35:30.733485+00:00,1,77.43,37.0,0.0,1.0,345.0,3201.0,5.0,0.0,0.0
2026-09-20T00:35:30.733485+00:00,2,77.63,34.0,0.0,1.0,345.0,3201.0,5.0,0.0,0.0
2026-09-20T00:35:30.733485+00:00,3,78.4,35.0,0.0,1.0,345.0,3201.0,5.0,0.0,0.0
2026-09-20T00:35:31.805444+00:00,0,78.61,32.0,0.0,1.0,345.0,3201.0,5.0,0.0,0.0
2026-09-20T00:35:31.805444+00:00,1,77.46,37.0,0.0,1.0,345.0,3201.0,5.0,0.0,0.0
2026-09-20T00:35:31.805444+00:00,2,77.71,34.0,0.0,1.0,345.0,3201.0,5.0,0.0,0.0
2026-09-20T00:35:31.805444+00:00,3,78.17,35.0,0.0,1.0,345.0,3201.0,5.0,0.0,0.0
2026-09-20T00:35:32.879251+00:00,0,78.28,32.0,0.0,1.0,345.0,3201.0,5.0,0.0,0.0
2026-09-20T00:35:32.879251+00:00,1,77.55,37.0,0.0,1.0,345.0,3201.0,5.0,0.0,0.0
2026-09-20T00:35:32.879251+00:00,2,77.67,34.0,0.0,1.0,345.0,3201.0,5.0,0.0,0.0
2026-09-20T00:35:32.879251+00:00,3,78.5,35.0,0.0,1.0,345.0,3201.0,5.0,0.0,0.0
2026-09-20T00:35:33.950958+00:00,0,78.38,32.0,0.0,1.0,345.0,3201.0,5.0,0.0,0.0
2026-09-20T00:35:33.950958+00:00,1,77.49,37.0,0.0,1.0,345.0,3201.0,5.0,0.0,0.0
2026-09-20T00:35:33.950958+00:00,2,77.68,34.0,0.0,1.0,345.0,3201.0,5.0,0.0,0.0
2026-09-20T00:35:33.950958+00:00,3,78.32,35.0,0.0,1.0,345.0,3201.0,5.0,0.0,0.0
2026-09-20T00:35:35.024782+00:00,0,78.5,32.0,0.0,1.0,345.0,3201.0,5.0,0.0,0.0
2026-09-20T00:35:35.024782+00:00,1,77.56,37.0,0.0,1.0,345.0,3201.0,5.0,0.0,0.0
2026-09-20T00:35:35.024782+00:00,2,77.71,35.0,0.0,1.0,345.0,3201.0,5.0,0.0,0.0
2026-09-20T00:35:35.024782+00:00,3,78.5,35.0,0.0,1.0,345.0,3201.0,5.0,0.0,0.0
2026-09-20T00:35:36.096803+00:00,0,78.37,32.0,0.0,1.0,345.0,3201.0,5.0,0.0,0.0
2026-09-20T00:35:36.096803+00:00,1,77.59,37.0,0.0,1.0,345.0,3201.0,5.0,0.0,0.0
2026-09-20T00:35:36.096803+00:00,2,77.64,35.0,0.0,1.0,345.0,3201.0,5.0,0.0,0.0
2026-09-20T00:35:36.096803+00:00,3,78.49,35.0,0.0,1.0,345.0,3201.0,5.0,0.0,0.0
2026-09-20T00:35:37.168977+00:00,0,78.45,32.0,0.0,1.0,345.0,3201.0,5.0,0.0,0.0
2026-09-20T00:35:37.168977+00:00,1,77.55,37.0,0.0,1.0,345.0,3201.0,5.0,0.0,0.0
2026-09-20T00:35:37.168977+00:00,2,77.72,35.0,0.0,1.0,345.0,3201.0,5.0,0.0,0.0
2026-09-20T00:35:37.168977+00:00,3,78.4,35.0,0.0,1.0,345.0,3201.0,5.0,0.0,0.0
2026-09-20T00:35:38.241387+00:00,0,78.45,32.0,0.0,1.0,345.0,3201.0,5.0,0.0,0.0
2026-09-20T00:35:38.241387+00:00,1,77.63,37.0,0.0,1.0,345.0,3201.0,5.0,0.0,0.0
2026-09-20T00:35:38.241387+00:00,2,77.81,35.0,0.0,1.0,345.0,3201.0,5.0,0.0,0.0
2026-09-20T00:35:38.241387+00:00,3,78.46,35.0,0.0,1.0,345.0,3201.0,5.0,0.0,0.0
2026-09-20T00:35:39.313171+00:00,0,78.26,32.0,0.0,1.0,345.0,3201.0,5.0,0.0,0.0
2026-09-20T00:35:39.313171+00:00,1,77.76,37.0,0.0,1.0,345.0,3201.0,5.0,0.0,0.0
2026-09-20T00:35:39.313171+00:00,2,77.7,35.0,0.0,1.0,345.0,3201.0,5.0,0.0,0.0
2026-09-20T00:35:39.313171+00:00,3,78.45,35.0,0.0,1.0,345.0,3201.0,5.0,0.0,0.0
2026-09-20T00:35:40.385186+00:00,0,78.55,32.0,0.0,1.0,345.0,3201.0,5.0,0.0,0.0
2026-09-20T00:35:40.385186+00:00,1,77.61,37.0,0.0,1.0,345.0,3201.0,5.0,0.0,0.0
2026-09-20T00:35:40.385186+00:00,2,77.78,35.0,0.0,1.0,345.0,3201.0,5.0,0.0,0.0
2026-09-20T00:35:40.385186+00:00,3,78.43,35.0,0.0,1.0,345.0,3201.0,5.0,0.0,0.0
2026-09-20T00:35:41.457352+00:00,0,78.07,32.0,0.0,1.0,345.0,3201.0,5.0,0.0,0.0
2026-09-20T00:35:41.457352+00:00,1,77.66,37.0,0.0,1.0,345.0,3201.0,5.0,0.0,0.0
2026-09-20T00:35:41.457352+00:00,2,77.81,35.0,0.0,1.0,345.0,3201.0,5.0,0.0,0.0
2026-09-20T00:35:41.457352+00:00,3,78.33,35.0,0.0,1.0,345.0,3201.0,5.0,0.0,0.0
2026-09-20T00:35:42.531113+00:00,0,78.41,32.0,0.0,1.0,345.0,3201.0,5.0,0.0,0.0
2026-09-20T00:35:42.531113+00:00,1,77.7,37.0,0.0,1.0,345.0,3201.0,5.0,0.0,0.0
2026-09-20T00:35:42.531113+00:00,2,77.7,35.0,0.0,1.0,345.0,3201.0,5.0,0.0,0.0
2026-09-20T00:35:42.531113+00:00,3,78.39,35.0,0.0,1.0,345.0,3201.0,5.0,0.0,0.0
2026-09-20T00:35:43.603412+00:00,0,78.52,32.0,0.0,1.0,345.0,3201.0,5.0,0.0,0.0
2026-09-20T00:35:43.603412+00:00,1,77.75,37.0,0.0,1.0,345.0,3201.0,5.0,0.0,0.0
2026-09-20T00:35:43.603412+00:00,2,77.83,35.0,0.0,1.0,345.0,3201.0,5.0,0.0,0.0
2026-09-20T00:35:43.603412+00:00,3,78.59,35.0,0.0,1.0,345.0,3201.0,5.0,0.0,0.0
2026-09-20T00:35:44.675327+00:00,0,78.55,32.0,0.0,1.0,345.0,3201.0,5.0,0.0,0.0
2026-09-20T00:35:44.675327+00:00,1,77.78,37.0,0.0,1.0,345.0,3201.0,5.0,0.0,0.0
2026-09-20T00:35:44.675327+00:00,2,77.74,35.0,0.0,1.0,345.0,3201.0,5.0,0.0,0.0
2026-09-20T00:35:44.675327+00:00,3,78.43,35.0,0.0,1.0,345.0,3201.0,5.0,0.0,0.0
2026-09-20T00:35:45.747598+00:00,0,78.5,32.0,0.0,1.0,345.0,3201.0,5.0,0.0,0.0
2026-09-20T00:35:45.747598+00:00,1,77.83,37.0,0.0,1.0,345.0,3201.0,5.0,0.0,0.0
2026-09-20T00:35:45.747598+00:00,2,77.75,35.0,0.0,1.0,345.0,3201.0,5.0,0.0,0.0
2026-09-20T00:35:45.747598+00:00,3,78.43,35.0,0.0,1.0,345.0,3201.0,5.0,0.0,0.0
2026-09-20T00:35:46.855902+00:00,0,78.41,32.0,0.0,1.0,345.0,3201.0,5.0,0.0,0.0
2026-09-20T00:35:46.855902+00:00,1,77.77,37.0,0.0,1.0,345.0,3201.0,5.0,0.0,0.0
2026-09-20T00:35:46.855902+00:00,2,77.78,35.0,0.0,1.0,345.0,3201.0,5.0,0.0,0.0
2026-09-20T00:35:46.855902+00:00,3,78.39,35.0,0.0,1.0,345.0,3201.0,5.0,0.0,0.0
2026-09-20T00:35:47.928467+00:00,0,78.45,32.0,0.0,1.0,345.0,3201.0,5.0,0.0,0.0
2026-09-20T00:35:47.928467+00:00,1,77.79,37.0,0.0,1.0,345.0,3201.0,5.0,0.0,0.0
2026-09-20T00:35:47.928467+00:00,2,77.76,35.0,0.0,1.0,345.0,3201.0,5.0,0.0,0.0
2026-09-20T00:35:47.928467+00:00,3,78.47,35.0,0.0,1.0,345.0,3201.0,5.0,0.0,0.0
2026-09-20T00:35:49.002344+00:00,0,78.45,32.0,0.0,1.0,345.0,3201.0,5.0,0.0,0.0
2026-09-20T00:35:49.002344+00:00,1,77.82,37.0,0.0,1.0,345.0,3201.0,5.0,0.0,0.0
2026-09-20T00:35:49.002344+00:00,2,77.76,35.0,0.0,1.0,345.0,3201.0,5.0,0.0,0.0
2026-09-20T00:35:49.002344+00:00,3,78.5,35.0,0.0,1.0,345.0,3201.0,5.0,0.0,0.0
2026-09-20T00:35:50.075131+00:00,0,78.44,32.0,0.0,1.0,345.0,3201.0,5.0,0.0,0.0
2026-09-20T00:35:50.075131+00:00,1,77.83,38.0,0.0,1.0,345.0,3201.0,5.0,0.0,0.0
2026-09-20T00:35:50.075131+00:00,2,77.76,35.0,0.0,1.0,345.0,3201.0,5.0,0.0,0.0
2026-09-20T00:35:50.075131+00:00,3,78.41,35.0,0.0,1.0,345.0,3201.0,5.0,0.0,0.0
2026-09-20T00:35:51.148975+00:00,0,78.49,32.0,0.0,1.0,345.0,3201.0,5.0,0.0,0.0
2026-09-20T00:35:51.148975+00:00,1,77.82,38.0,0.0,1.0,345.0,3201.0,5.0,0.0,0.0
2026-09-20T00:35:51.148975+00:00,2,77.74,35.0,0.0,1.0,345.0,3201.0,5.0,0.0,0.0
2026-09-20T00:35:51.148975+00:00,3,78.34,35.0,0.0,1.0,345.0,3201.0,5.0,0.0,0.0
2026-09-20T00:35:52.224832+00:00,0,78.45,32.0,0.0,1.0,345.0,3201.0,5.0,0.0,0.0
2026-09-20T00:35:52.224832+00:00,1,77.84,38.0,0.0,1.0,345.0,3201.0,5.0,0.0,0.0
2026-09-20T00:35:52.224832+00:00,2,77.74,35.0,0.0,1.0,345.0,3201.0,5.0,0.0,0.0
2026-09-20T00:35:52.224832+00:00,3,78.41,35.0,0.0,1.0,345.0,3201.0,5.0,0.0,0.0
2026-09-20T00:35:53.299259+00:00,0,78.46,32.0,0.0,1.0,345.0,3201.0,5.0,0.0,0.0
2026-09-20T00:35:53.299259+00:00,1,77.87,38.0,0.0,1.0,345.0,3201.0,5.0,0.0,0.0
2026-09-20T00:35:53.299259+00:00,2,77.73,35.0,0.0,1.0,345.0,3201.0,5.0,0.0,0.0
2026-09-20T00:35:53.299259+00:00,3,78.4,35.0,0.0,1.0,345.0,3201.0,5.0,0.0,0.0
2026-09-20T00:35:54.371061+00:00,0,78.46,32.0,0.0,1.0,345.0,3201.0,5.0,0.0,0.0
2026-09-20T00:35:54.371061+00:00,1,77.88,38.0,0.0,1.0,345.0,3201.0,5.0,0.0,0.0
2026-09-20T00:35:54.371061+00:00,2,77.71,35.0,0.0,1.0,345.0,3201.0,5.0,0.0,0.0
2026-09-20T00:35:54.371061+00:00,3,78.4,35.0,0.0,1.0,345.0,3201.0,5.0,0.0,0.0
2026-09-20T00:35:55.444385+00:00,0,78.47,32.0,0.0,1.0,345.0,3201.0,5.0,0.0,0.0
2026-09-20T00:35:55.444385+00:00,1,77.86,38.0,0.0,1.0,345.0,3201.0,5.0,0.0,0.0
2026-09-20T00:35:55.444385+00:00,2,77.71,35.0,0.0,1.0,345.0,3201.0,5.0,0.0,0.0
2026-09-20T00:35:55.444385+00:00,3,78.34,35.0,0.0,1.0,345.0,3201.0,5.0,0.0,0.0
2026-09-20T00:35:56.516269+00:00,0,78.47,32.0,0.0,1.0,345.0,3201.0,5.0,0.0,0.0
2026-09-20T00:35:56.516269+00:00,1,77.88,38.0,0.0,1.0,345.0,3201.0,5.0,0.0,0.0
2026-09-20T00:35:56.516269+00:00,2,77.69,35.0,0.0,1.0,345.0,3201.0,5.0,0.0,0.0
2026-09-20T00:35:56.516269+00:00,3,78.27,35.0,0.0,1.0,345.0,3201.0,5.0,0.0,0.0
2026-09-20T00:35:57.589036+00:00,0,78.51,32.0,0.0,1.0,345.0,3201.0,5.0,0.0,0.0
2026-09-20T00:35:57.589036+00:00,1,77.95,38.0,0.0,1.0,345.0,3201.0,5.0,0.0,0.0
2026-09-20T00:35:57.589036+00:00,2,77.7,34.0,0.0,1.0,345.0,3201.0,5.0,0.0,0.0
2026-09-20T00:35:57.589036+00:00,3,78.51,35.0,0.0,1.0,345.0,3201.0,5.0,0.0,0.0
2026-09-20T00:35:58.673613+00:00,0,78.54,32.0,0.0,1.0,345.0,3201.0,5.0,0.0,0.0
2026-09-20T00:35:58.673613+00:00,1,77.93,38.0,0.0,1.0,345.0,3201.0,5.0,0.0,0.0
2026-09-20T00:35:58.673613+00:00,2,77.69,34.0,0.0,1.0,345.0,3201.0,5.0,0.0,0.0
2026-09-20T00:35:58.673613+00:00,3,78.34,35.0,0.0,1.0,345.0,3201.0,5.0,0.0,0.0
2026-09-20T00:35:59.745457+00:00,0,78.52,32.0,0.0,1.0,345.0,3201.0,5.0,0.0,0.0
2026-09-20T00:35:59.745457+00:00,1,77.89,38.0,0.0,1.0,345.0,3201.0,5.0,0.0,0.0
2026-09-20T00:35:59.745457+00:00,2,77.71,34.0,0.0,1.0,345.0,3201.0,5.0,0.0,0.0
2026-09-20T00:35:59.745457+00:00,3,78.42,35.0,0.0,1.0,345.0,3201.0,5.0,0.0,0.0
2026-09-20T00:36:00.817481+00:00,0,78.5,32.0,0.0,1.0,345.0,3201.0,5.0,0.0,0.0
2026-09-20T00:36:00.817481+00:00,1,77.94,38.0,0.0,1.0,345.0,3201.0,5.0,0.0,0.0
2026-09-20T00:36:00.817481+00:00,2,77.78,34.0,0.0,1.0,345.0,3201.0,5.0,0.0,0.0
2026-09-20T00:36:00.817481+00:00,3,78.31,35.0,0.0,1.0,345.0,3201.0,5.0,0.0,0.0
2026-09-20T00:36:01.891029+00:00,0,78.66,32.0,0.0,1.0,345.0,3201.0,5.0,0.0,0.0
2026-09-20T00:36:01.891029+00:00,1,77.86,38.0,0.0,1.0,345.0,3201.0,5.0,0.0,0.0
2026-09-20T00:36:01.891029+00:00,2,77.63,34.0,0.0,1.0,345.0,3201.0,5.0,0.0,0.0
2026-09-20T00:36:01.891029+00:00,3,78.14,35.0,0.0,1.0,345.0,3201.0,5.0,0.0,0.0
2026-09-20T00:36:02.962711+00:00,0,78.64,32.0,0.0,1.0,345.0,3201.0,5.0,0.0,0.0
2026-09-20T00:36:02.962711+00:00,1,77.85,38.0,0.0,1.0,345.0,3201.0,5.0,0.0,0.0
2026-09-20T00:36:02.962711+00:00,2,77.67,34.0,0.0,1.0,345.0,3201.0,5.0,0.0,0.0
2026-09-20T00:36:02.962711+00:00,3,78.39,35.0,0.0,1.0,345.0,3201.0,5.0,0.0,0.0
2026-09-20T00:36:04.037530+00:00,0,78.63,32.0,0.0,1.0,345.0,3201.0,5.0,0.0,0.0
2026-09-20T00:36:04.037530+00:00,1,77.88,38.0,0.0,1.0,345.0,3201.0,5.0,0.0,0.0
2026-09-20T00:36:04.037530+00:00,2,77.64,34.0,0.0,1.0,345.0,3201.0,5.0,0.0,0.0
2026-09-20T00:36:04.037530+00:00,3,78.36,35.0,0.0,1.0,345.0,3201.0,5.0,0.0,0.0
2026-09-20T00:36:05.109343+00:00,0,78.64,32.0,0.0,1.0,345.0,3201.0,5.0,0.0,0.0
2026-09-20T00:36:05.109343+00:00,1,77.91,38.0,0.0,1.0,345.0,3201.0,5.0,0.0,0.0
2026-09-20T00:36:05.109343+00:00,2,77.65,34.0,0.0,1.0,345.0,3201.0,5.0,0.0,0.0
2026-09-20T00:36:05.109343+00:00,3,78.42,35.0,0.0,1.0,345.0,3201.0,5.0,0.0,0.0
2026-09-20T00:36:06.181184+00:00,0,78.53,32.0,0.0,1.0,345.0,3201.0,5.0,0.0,0.0
2026-09-20T00:36:06.181184+00:00,1,77.95,38.0,0.0,1.0,345.0,3201.0,5.0,0.0,0.0
2026-09-20T00:36:06.181184+00:00,2,77.7,34.0,0.0,1.0,345.0,3201.0,5.0,0.0,0.0
2026-09-20T00:36:06.181184+00:00,3,78.38,35.0,0.0,1.0,345.0,3201.0,5.0,0.0,0.0
2026-09-20T00:36:07.255524+00:00,0,78.62,32.0,0.0,1.0,345.0,3201.0,5.0,0.0,0.0
2026-09-20T00:36:07.255524+00:00,1,78.08,38.0,0.0,1.0,345.0,3201.0,5.0,0.0,0.0
2026-09-20T00:36:07.255524+00:00,2,77.68,34.0,0.0,1.0,345.0,3201.0,5.0,0.0,0.0
2026-09-20T00:36:07.255524+00:00,3,78.36,35.0,0.0,1.0,345.0,3201.0,5.0,0.0,0.0
2026-09-20T00:36:08.327593+00:00,0,78.6,32.0,0.0,1.0,345.0,3201.0,5.0,0.0,0.0
2026-09-20T00:36:08.327593+00:00,1,78.13,38.0,0.0,1.0,345.0,3201.0,5.0,0.0,0.0
2026-09-20T00:36:08.327593+00:00,2,77.66,34.0,0.0,1.0,345.0,3201.0,5.0,0.0,0.0
2026-09-20T00:36:08.327593+00:00,3,78.6,35.0,0.0,1.0,345.0,3201.0,5.0,0.0,0.0
2026-09-20T00:36:09.399287+00:00,0,78.66,32.0,0.0,1.0,345.0,3201.0,5.0,0.0,0.0
2026-09-20T00:36:09.399287+00:00,1,77.97,38.0,0.0,1.0,345.0,3201.0,5.0,0.0,0.0
2026-09-20T00:36:09.399287+00:00,2,77.64,34.0,0.0,1.0,345.0,3201.0,5.0,0.0,0.0
2026-09-20T00:36:09.399287+00:00,3,78.42,35.0,0.0,1.0,345.0,3201.0,5.0,0.0,0.0
2026-09-20T00:36:10.471414+00:00,0,78.32,32.0,0.0,1.0,345.0,3201.0,5.0,0.0,0.0
2026-09-20T00:36:10.471414+00:00,1,77.61,38.0,0.0,1.0,345.0,3201.0,5.0,0.0,0.0
2026-09-20T00:36:10.471414+00:00,2,77.89,34.0,0.0,1.0,345.0,3201.0,5.0,0.0,0.0
2026-09-20T00:36:10.471414+00:00,3,78.36,35.0,0.0,1.0,345.0,3201.0,5.0,0.0,0.0
2026-09-20T00:36:11.544743+00:00,0,78.86,32.0,0.0,1.0,345.0,3201.0,5.0,0.0,0.0
2026-09-20T00:36:11.544743+00:00,1,77.79,38.0,0.0,1.0,345.0,3201.0,5.0,0.0,0.0
2026-09-20T00:36:11.544743+00:00,2,77.54,34.0,0.0,1.0,345.0,3201.0,5.0,0.0,0.0
2026-09-20T00:36:11.544743+00:00,3,78.2,35.0,0.0,1.0,345.0,3201.0,5.0,0.0,0.0
2026-09-20T00:36:12.616802+00:00,0,78.72,32.0,0.0,1.0,345.0,3201.0,5.0,0.0,0.0
2026-09-20T00:36:12.616802+00:00,1,78.02,38.0,0.0,1.0,345.0,3201.0,5.0,0.0,0.0
2026-09-20T00:36:12.616802+00:00,2,77.7,34.0,0.0,1.0,345.0,3201.0,5.0,0.0,0.0
2026-09-20T00:36:12.616802+00:00,3,78.36,35.0,0.0,1.0,345.0,3201.0,5.0,0.0,0.0
2026-09-20T00:36:13.688529+00:00,0,78.62,32.0,0.0,1.0,345.0,3201.0,5.0,0.0,0.0
2026-09-20T00:36:13.688529+00:00,1,78.16,38.0,0.0,1.0,345.0,3201.0,5.0,0.0,0.0
2026-09-20T00:36:13.688529+00:00,2,77.57,34.0,0.0,1.0,345.0,3201.0,5.0,0.0,0.0
2026-09-20T00:36:13.688529+00:00,3,78.35,35.0,0.0,1.0,345.0,3201.0,5.0,0.0,0.0
2026-09-20T00:36:14.761630+00:00,0,78.63,32.0,0.0,1.0,345.0,3201.0,5.0,0.0,0.0
2026-09-20T00:36:14.761630+00:00,1,77.98,38.0,0.0,1.0,345.0,3201.0,5.0,0.0,0.0
2026-09-20T00:36:14.761630+00:00,2,77.63,34.0,0.0,1.0,345.0,3201.0,5.0,0.0,0.0
2026-09-20T00:36:14.761630+00:00,3,78.32,35.0,0.0,1.0,345.0,3201.0,5.0,0.0,0.0
2026-09-20T00:36:15.838785+00:00,0,78.52,32.0,0.0,1.0,345.0,3201.0,5.0,0.0,0.0
2026-09-20T00:36:15.838785+00:00,1,78.08,38.0,0.0,1.0,345.0,3201.0,5.0,0.0,0.0
2026-09-20T00:36:15.838785+00:00,2,77.69,34.0,0.0,1.0,345.0,3201.0,5.0,0.0,0.0
2026-09-20T00:36:15.838785+00:00,3,78.27,35.0,0.0,1.0,345.0,3201.0,5.0,0.0,0.0
2026-09-20T00:36:16.912456+00:00,0,78.49,32.0,0.0,1.0,345.0,3201.0,5.0,0.0,0.0
2026-09-20T00:36:16.912456+00:00,1,78.07,38.0,0.0,1.0,345.0,3201.0,5.0,0.0,0.0
2026-09-20T00:36:16.912456+00:00,2,77.66,34.0,0.0,1.0,345.0,3201.0,5.0,0.0,0.0
2026-09-20T00:36:16.912456+00:00,3,78.28,35.0,0.0,1.0,345.0,3201.0,5.0,0.0,0.0
2026-09-20T00:36:17.984950+00:00,0,78.67,32.0,0.0,1.0,345.0,3201.0,5.0,0.0,0.0
2026-09-20T00:36:17.984950+00:00,1,78.08,38.0,0.0,1.0,345.0,3201.0,5.0,0.0,0.0
2026-09-20T00:36:17.984950+00:00,2,77.62,34.0,0.0,1.0,345.0,3201.0,5.0,0.0,0.0
2026-09-20T00:36:17.984950+00:00,3,78.34,35.0,0.0,1.0,345.0,3201.0,5.0,0.0,0.0
2026-09-20T00:36:19.058358+00:00,0,78.56,32.0,0.0,1.0,345.0,3201.0,5.0,0.0,0.0
2026-09-20T00:36:19.058358+00:00,1,78.11,38.0,0.0,1.0,345.0,3201.0,5.0,0.0,0.0
2026-09-20T00:36:19.058358+00:00,2,77.75,34.0,0.0,1.0,345.0,3201.0,5.0,0.0,0.0
2026-09-20T00:36:19.058358+00:00,3,78.34,35.0,0.0,1.0,345.0,3201.0,5.0,0.0,0.0
2026-09-20T00:36:20.130762+00:00,0,78.76,32.0,0.0,1.0,345.0,3201.0,5.0,0.0,0.0
2026-09-20T00:36:20.130762+00:00,1,78.12,38.0,0.0,1.0,345.0,3201.0,5.0,0.0,0.0
2026-09-20T00:36:20.130762+00:00,2,77.72,34.0,0.0,1.0,345.0,3201.0,5.0,0.0,0.0
2026-09-20T00:36:20.130762+00:00,3,78.45,35.0,0.0,1.0,345.0,3201.0,5.0,0.0,0.0
2026-09-20T00:36:21.202742+00:00,0,78.64,32.0,0.0,1.0,345.0,3201.0,5.0,0.0,0.0
2026-09-20T00:36:21.202742+00:00,1,78.14,38.0,0.0,1.0,345.0,3201.0,5.0,0.0,0.0
2026-09-20T00:36:21.202742+00:00,2,77.68,34.0,0.0,1.0,345.0,3201.0,5.0,0.0,0.0
2026-09-20T00:36:21.202742+00:00,3,78.32,35.0,0.0,1.0,345.0,3201.0,5.0,0.0,0.0
2026-09-20T00:36:22.274426+00:00,0,78.26,32.0,0.0,1.0,345.0,3201.0,5.0,0.0,0.0
2026-09-20T00:36:22.274426+00:00,1,78.09,38.0,0.0,1.0,345.0,3201.0,5.0,0.0,0.0
2026-09-20T00:36:22.274426+00:00,2,77.69,34.0,0.0,1.0,345.0,3201.0,5.0,0.0,0.0
2026-09-20T00:36:22.274426+00:00,3,78.48,35.0,0.0,1.0,345.0,3201.0,5.0,0.0,0.0
2026-09-20T00:36:23.346750+00:00,0,78.59,32.0,0.0,1.0,345.0,3201.0,5.0,0.0,0.0
2026-09-20T00:36:23.346750+00:00,1,78.14,38.0,0.0,1.0,345.0,3201.0,5.0,0.0,0.0
2026-09-20T00:36:23.346750+00:00,2,77.68,34.0,0.0,1.0,345.0,3201.0,5.0,0.0,0.0
2026-09-20T00:36:23.346750+00:00,3,78.39,35.0,0.0,1.0,345.0,3201.0,5.0,0.0,0.0
2026-09-20T00:36:24.420425+00:00,0,78.58,32.0,0.0,1.0,345.0,3201.0,5.0,0.0,0.0
2026-09-20T00:36:24.420425+00:00,1,78.15,38.0,0.0,1.0,345.0,3201.0,5.0,0.0,0.0
2026-09-20T00:36:24.420425+00:00,2,77.69,35.0,0.0,1.0,345.0,3201.0,5.0,0.0,0.0
2026-09-20T00:36:24.420425+00:00,3,78.27,35.0,0.0,1.0,345.0,3201.0,5.0,0.0,0.0
2026-09-20T00:36:25.509638+00:00,0,78.6,32.0,0.0,1.0,345.0,3201.0,5.0,0.0,0.0
2026-09-20T00:36:25.509638+00:00,1,78.17,38.0,0.0,1.0,345.0,3201.0,5.0,0.0,0.0
2026-09-20T00:36:25.509638+00:00,2,77.7,35.0,0.0,1.0,345.0,3201.0,5.0,0.0,0.0
2026-09-20T00:36:25.509638+00:00,3,78.26,35.0,0.0,1.0,345.0,3201.0,5.0,0.0,0.0
2026-09-20T00:36:26.581245+00:00,0,78.63,32.0,0.0,1.0,345.0,3201.0,5.0,0.0,0.0
2026-09-20T00:36:26.581245+00:00,1,78.14,39.0,0.0,1.0,345.0,3201.0,5.0,0.0,0.0
2026-09-20T00:36:26.581245+00:00,2,77.72,35.0,0.0,1.0,345.0,3201.0,5.0,0.0,0.0
2026-09-20T00:36:26.581245+00:00,3,78.28,35.0,0.0,1.0,345.0,3201.0,5.0,0.0,0.0
2026-09-20T00:36:27.654247+00:00,0,78.64,32.0,0.0,1.0,345.0,3201.0,5.0,0.0,0.0
2026-09-20T00:36:27.654247+00:00,1,78.17,39.0,0.0,1.0,345.0,3201.0,5.0,0.0,0.0
2026-09-20T00:36:27.654247+00:00,2,77.72,35.0,0.0,1.0,345.0,3201.0,5.0,0.0,0.0
2026-09-20T00:36:27.654247+00:00,3,78.31,35.0,0.0,1.0,345.0,3201.0,5.0,0.0,0.0
2026-09-20T00:36:28.729275+00:00,0,78.65,32.0,0.0,1.0,345.0,3201.0,5.0,0.0,0.0
2026-09-20T00:36:28.729275+00:00,1,78.21,39.0,0.0,1.0,345.0,3201.0,5.0,0.0,0.0
2026-09-20T00:36:28.729275+00:00,2,77.76,35.0,0.0,1.0,345.0,3201.0,5.0,0.0,0.0
2026-09-20T00:36:28.729275+00:00,3,78.31,35.0,0.0,1.0,345.0,3201.0,5.0,0.0,0.0
2026-09-20T00:36:29.800820+00:00,0,78.65,32.0,0.0,1.0,345.0,3201.0,5.0,0.0,0.0
2026-09-20T00:36:29.800820+00:00,1,78.22,39.0,0.0,1.0,345.0,3201.0,5.0,0.0,0.0
2026-09-20T00:36:29.800820+00:00,2,77.75,35.0,0.0,1.0,345.0,3201.0,5.0,0.0,0.0
2026-09-20T00:36:29.800820+00:00,3,78.31,35.0,0.0,1.0,345.0,3201.0,5.0,0.0,0.0
2026-09-20T00:36:30.872275+00:00,0,78.67,32.0,0.0,1.0,345.0,3201.0,5.0,0.0,0.0
2026-09-20T00:36:30.872275+00:00,1,78.23,39.0,0.0,1.0,345.0,3201.0,5.0,0.0,0.0
2026-09-20T00:36:30.872275+00:00,2,77.79,35.0,0.0,1.0,345.0,3201.0,5.0,0.0,0.0
2026-09-20T00:36:30.872275+00:00,3,78.29,35.0,0.0,1.0,345.0,3201.0,5.0,0.0,0.0
