iso_timestamp,timestamp,index,uuid,name,power.draw,power.limit,utilization.gpu,utilization.memory,memory.used,memory.free,memory.total,clocks.sm,clocks.mem,clocks.gr,temperature.gpu,pstate,ecc.errors.corrected.volatile.total,ecc.errors.uncorrected.volatile.total,clocks_throttle_reasons.sw_power_cap,clocks_throttle_reasons.hw_slowdown,clocks_throttle_reasons.hw_thermal_slowdown,clocks_throttle_reasons.hw_power_brake_slowdown,clocks_throttle_reasons.sw_thermal_slowdown,clocks_throttle_reasons.sync_boost,actual_interval_ms,nvlink_available,nvlink_tx_kbs,nvlink_rx_kbs
2026-07-31T01:37:07.068639,2026/07/31 01:37:07.001,0,GPU-2c3c1aab-4401-c49f-e973-2d9a530e6442,NVIDIA B200,193.57,1000.0,0.0,0.0,0.0,182625.0,183359.0,120.0,3996.0,120.0,35.0,P0,0,0,Not Active,Not Active,Not Active,Not Active,Not Active,Not Active,,True,6932556715516.0,8406393829084.0
2026-07-31T01:37:07.326877,2026/07/31 01:37:07.265,0,GPU-2c3c1aab-4401-c49f-e973-2d9a530e6442,NVIDIA B200,193.64,1000.0,0.0,0.0,0.0,182625.0,183359.0,120.0,3996.0,120.0,35.0,P0,0,0,Not Active,Not Active,Not Active,Not Active,Not Active,Not Active,267.952,True,6932556715516.0,8406393829084.0
2026-07-31T01:37:07.476820,2026/07/31 01:37:07.420,0,GPU-2c3c1aab-4401-c49f-e973-2d9a530e6442,NVIDIA B200,193.62,1000.0,0.0,0.0,0.0,182625.0,183359.0,120.0,3996.0,120.0,35.0,P0,0,0,Not Active,Not Active,Not Active,Not Active,Not Active,Not Active,149.977,True,6932556715516.0,8406393829084.0
2026-07-31T01:37:07.628491,2026/07/31 01:37:07.566,0,GPU-2c3c1aab-4401-c49f-e973-2d9a530e6442,NVIDIA B200,193.65,1000.0,0.0,0.0,0.0,182625.0,183359.0,120.0,3996.0,120.0,35.0,P0,0,0,Not Active,Not Active,Not Active,Not Active,Not Active,Not Active,148.794,True,6932556715516.0,8406393829084.0
2026-07-31T01:37:07.777896,2026/07/31 01:37:07.712,0,GPU-2c3c1aab-4401-c49f-e973-2d9a530e6442,NVIDIA B200,193.68,1000.0,0.0,0.0,0.0,182625.0,183359.0,120.0,3996.0,120.0,35.0,P0,0,0,Not Active,Not Active,Not Active,Not Active,Not Active,Not Active,149.079,True,6932556715516.0,8406393829084.0
2026-07-31T01:37:07.920885,2026/07/31 01:37:07.862,0,GPU-2c3c1aab-4401-c49f-e973-2d9a530e6442,NVIDIA B200,193.7,1000.0,0.0,0.0,0.0,182625.0,183359.0,120.0,3996.0,120.0,35.0,P0,0,0,Not Active,Not Active,Not Active,Not Active,Not Active,Not Active,147.033,True,6932556715516.0,8406393829084.0
2026-07-31T01:37:08.497445,2026/07/31 01:37:08.338,0,GPU-2c3c1aab-4401-c49f-e973-2d9a530e6442,NVIDIA B200,193.71,1000.0,0.0,0.0,0.0,182625.0,183359.0,120.0,3996.0,120.0,35.0,P0,0,0,Not Active,Not Active,Not Active,Not Active,Not Active,Not Active,341.607,True,6932556715516.0,8406393829084.0
2026-07-31T01:37:08.756619,2026/07/31 01:37:08.692,0,GPU-2c3c1aab-4401-c49f-e973-2d9a530e6442,NVIDIA B200,193.7,1000.0,0.0,0.0,0.0,182625.0,183359.0,120.0,3996.0,120.0,35.0,P0,0,0,Not Active,Not Active,Not Active,Not Active,Not Active,Not Active,488.027,True,6932556715516.0,8406393829084.0
2026-07-31T01:37:08.920439,2026/07/31 01:37:08.855,0,GPU-2c3c1aab-4401-c49f-e973-2d9a530e6442,NVIDIA B200,193.71,1000.0,0.0,0.0,0.0,182625.0,183359.0,120.0,3996.0,120.0,35.0,P0,0,0,Not Active,Not Active,Not Active,Not Active,Not Active,Not Active,164.655,True,6932556715516.0,8406393829084.0
2026-07-31T01:37:09.079686,2026/07/31 01:37:09.009,0,GPU-2c3c1aab-4401-c49f-e973-2d9a530e6442,NVIDIA B200,193.71,1000.0,0.0,0.0,0.0,182625.0,183359.0,120.0,3996.0,120.0,35.0,P0,0,0,Not Active,Not Active,Not Active,Not Active,Not Active,Not Active,152.254,True,6932556715516.0,8406393829084.0
2026-07-31T01:37:09.237563,2026/07/31 01:37:09.172,0,GPU-2c3c1aab-4401-c49f-e973-2d9a530e6442,NVIDIA B200,193.75,1000.0,0.0,0.0,0.0,182625.0,183359.0,120.0,3996.0,120.0,35.0,P0,0,0,Not Active,Not Active,Not Active,Not Active,Not Active,Not Active,162.975,True,6932556715516.0,8406393829084.0
2026-07-31T01:37:09.395008,2026/07/31 01:37:09.330,0,GPU-2c3c1aab-4401-c49f-e973-2d9a530e6442,NVIDIA B200,193.73,1000.0,0.0,0.0,0.0,182625.0,183359.0,120.0,3996.0,120.0,35.0,P0,0,0,Not Active,Not Active,Not Active,Not Active,Not Active,Not Active,157.205,True,6932556715516.0,8406393829084.0
2026-07-31T01:37:09.559635,2026/07/31 01:37:09.497,0,GPU-2c3c1aab-4401-c49f-e973-2d9a530e6442,NVIDIA B200,193.75,1000.0,0.0,0.0,0.0,182625.0,183359.0,120.0,3996.0,120.0,35.0,P0,0,0,Not Active,Not Active,Not Active,Not Active,Not Active,Not Active,168.281,True,6932556715516.0,8406393829084.0
2026-07-31T01:37:09.722038,2026/07/31 01:37:09.658,0,GPU-2c3c1aab-4401-c49f-e973-2d9a530e6442,NVIDIA B200,193.77,1000.0,0.0,0.0,0.0,182625.0,183359.0,120.0,3996.0,120.0,35.0,P0,0,0,Not Active,Not Active,Not Active,Not Active,Not Active,Not Active,160.658,True,6932556715516.0,8406393829084.0
2026-07-31T01:37:09.872176,2026/07/31 01:37:09.807,0,GPU-2c3c1aab-4401-c49f-e973-2d9a530e6442,NVIDIA B200,193.83,1000.0,0.0,0.0,0.0,182625.0,183359.0,120.0,3996.0,120.0,35.0,P0,0,0,Not Active,Not Active,Not Active,Not Active,Not Active,Not Active,151.651,True,6932556715516.0,8406393829084.0
2026-07-31T01:37:10.022961,2026/07/31 01:37:09.960,0,GPU-2c3c1aab-4401-c49f-e973-2d9a530e6442,NVIDIA B200,193.8,1000.0,0.0,0.0,0.0,182625.0,183359.0,120.0,3996.0,120.0,35.0,P0,0,0,Not Active,Not Active,Not Active,Not Active,Not Active,Not Active,150.048,True,6932556715516.0,8406393829084.0
2026-07-31T01:37:10.180064,2026/07/31 01:37:10.115,0,GPU-2c3c1aab-4401-c49f-e973-2d9a530e6442,NVIDIA B200,193.78,1000.0,0.0,0.0,0.0,182625.0,183359.0,120.0,3996.0,120.0,35.0,P0,0,0,Not Active,Not Active,Not Active,Not Active,Not Active,Not Active,155.592,True,6932556715516.0,8406393829084.0
2026-07-31T01:37:10.323839,2026/07/31 01:37:10.264,0,GPU-2c3c1aab-4401-c49f-e973-2d9a530e6442,NVIDIA B200,193.79,1000.0,0.0,0.0,0.0,182625.0,183359.0,120.0,3996.0,120.0,35.0,P0,0,0,Not Active,Not Active,Not Active,Not Active,Not Active,Not Active,150.435,True,6932556715516.0,8406393829084.0
2026-07-31T01:37:10.472084,2026/07/31 01:37:10.409,0,GPU-2c3c1aab-4401-c49f-e973-2d9a530e6442,NVIDIA B200,193.75,1000.0,0.0,0.0,0.0,182625.0,183359.0,120.0,3996.0,120.0,35.0,P0,0,0,Not Active,Not Active,Not Active,Not Active,Not Active,Not Active,144.908,True,6932556715516.0,8406393829084.0
2026-07-31T01:37:10.617152,2026/07/31 01:37:10.557,0,GPU-2c3c1aab-4401-c49f-e973-2d9a530e6442,NVIDIA B200,193.74,1000.0,0.0,0.0,0.0,182625.0,183359.0,120.0,3996.0,120.0,35.0,P0,0,0,Not Active,Not Active,Not Active,Not Active,Not Active,Not Active,150.218,True,6932556715516.0,8406393829084.0
2026-07-31T01:37:10.779086,2026/07/31 01:37:10.709,0,GPU-2c3c1aab-4401-c49f-e973-2d9a530e6442,NVIDIA B200,193.76,1000.0,0.0,0.0,0.0,182625.0,183359.0,120.0,3996.0,120.0,35.0,P0,0,0,Not Active,Not Active,Not Active,Not Active,Not Active,Not Active,147.846,True,6932556715516.0,8406393829084.0
2026-07-31T01:37:10.938529,2026/07/31 01:37:10.874,0,GPU-2c3c1aab-4401-c49f-e973-2d9a530e6442,NVIDIA B200,193.74,1000.0,0.0,0.0,0.0,182625.0,183359.0,120.0,3996.0,120.0,35.0,P0,0,0,Not Active,Not Active,Not Active,Not Active,Not Active,Not Active,165.036,True,6932556715516.0,8406393829084.0
2026-07-31T01:37:11.089481,2026/07/31 01:37:11.027,0,GPU-2c3c1aab-4401-c49f-e973-2d9a530e6442,NVIDIA B200,193.72,1000.0,0.0,0.0,0.0,182625.0,183359.0,120.0,3996.0,120.0,35.0,P0,0,0,Not Active,Not Active,Not Active,Not Active,Not Active,Not Active,156.266,True,6932556715516.0,8406393829084.0
2026-07-31T01:37:11.231838,2026/07/31 01:37:11.174,0,GPU-2c3c1aab-4401-c49f-e973-2d9a530e6442,NVIDIA B200,193.73,1000.0,0.0,0.0,0.0,182625.0,183359.0,120.0,3996.0,120.0,35.0,P0,0,0,Not Active,Not Active,Not Active,Not Active,Not Active,Not Active,146.781,True,6932556715516.0,8406393829084.0
2026-07-31T01:37:11.380760,2026/07/31 01:37:11.315,0,GPU-2c3c1aab-4401-c49f-e973-2d9a530e6442,NVIDIA B200,193.77,1000.0,0.0,0.0,0.0,182625.0,183359.0,120.0,3996.0,120.0,35.0,P0,0,0,Not Active,Not Active,Not Active,Not Active,Not Active,Not Active,140.941,True,6932556715516.0,8406393829084.0
2026-07-31T01:37:11.547019,2026/07/31 01:37:11.465,0,GPU-2c3c1aab-4401-c49f-e973-2d9a530e6442,NVIDIA B200,193.77,1000.0,0.0,0.0,0.0,182625.0,183359.0,120.0,3996.0,120.0,35.0,P0,0,0,Not Active,Not Active,Not Active,Not Active,Not Active,Not Active,150.604,True,6932556715516.0,8406393829084.0
2026-07-31T01:37:11.689502,2026/07/31 01:37:11.631,0,GPU-2c3c1aab-4401-c49f-e973-2d9a530e6442,NVIDIA B200,193.77,1000.0,0.0,0.0,0.0,182625.0,183359.0,120.0,3996.0,120.0,35.0,P0,0,0,Not Active,Not Active,Not Active,Not Active,Not Active,Not Active,163.769,True,6932556715516.0,8406393829084.0
2026-07-31T01:37:11.846939,2026/07/31 01:37:11.782,0,GPU-2c3c1aab-4401-c49f-e973-2d9a530e6442,NVIDIA B200,193.77,1000.0,0.0,0.0,0.0,182625.0,183359.0,120.0,3996.0,120.0,35.0,P0,0,0,Not Active,Not Active,Not Active,Not Active,Not Active,Not Active,150.733,True,6932556715516.0,8406393829084.0
2026-07-31T01:37:12.004591,2026/07/31 01:37:11.941,0,GPU-2c3c1aab-4401-c49f-e973-2d9a530e6442,NVIDIA B200,193.77,1000.0,0.0,0.0,0.0,182625.0,183359.0,120.0,3996.0,120.0,35.0,P0,0,0,Not Active,Not Active,Not Active,Not Active,Not Active,Not Active,157.596,True,6932556715516.0,8406393829084.0
2026-07-31T01:37:12.163394,2026/07/31 01:37:12.099,0,GPU-2c3c1aab-4401-c49f-e973-2d9a530e6442,NVIDIA B200,193.79,1000.0,0.0,0.0,0.0,182625.0,183359.0,120.0,3996.0,120.0,35.0,P0,0,0,Not Active,Not Active,Not Active,Not Active,Not Active,Not Active,161.698,True,6932556715516.0,8406393829084.0
2026-07-31T01:37:12.397874,2026/07/31 01:37:12.328,0,GPU-2c3c1aab-4401-c49f-e973-2d9a530e6442,NVIDIA B200,193.83,1000.0,0.0,0.0,0.0,182625.0,183359.0,120.0,3996.0,120.0,35.0,P0,0,0,Not Active,Not Active,Not Active,Not Active,Not Active,Not Active,225.51,True,6932556715516.0,8406393829084.0
2026-07-31T01:37:12.553619,2026/07/31 01:37:12.489,0,GPU-2c3c1aab-4401-c49f-e973-2d9a530e6442,NVIDIA B200,193.81,1000.0,0.0,0.0,0.0,182625.0,183359.0,120.0,3996.0,120.0,35.0,P0,0,0,Not Active,Not Active,Not Active,Not Active,Not Active,Not Active,161.626,True,6932556715516.0,8406393829084.0
2026-07-31T01:37:12.699514,2026/07/31 01:37:12.640,0,GPU-2c3c1aab-4401-c49f-e973-2d9a530e6442,NVIDIA B200,193.84,1000.0,0.0,0.0,0.0,182625.0,183359.0,120.0,3996.0,120.0,35.0,P0,0,0,Not Active,Not Active,Not Active,Not Active,Not Active,Not Active,152.043,True,6932556715516.0,8406393829084.0
2026-07-31T01:37:12.845909,2026/07/31 01:37:12.785,0,GPU-2c3c1aab-4401-c49f-e973-2d9a530e6442,NVIDIA B200,193.84,1000.0,0.0,0.0,0.0,182625.0,183359.0,120.0,3996.0,120.0,35.0,P0,0,0,Not Active,Not Active,Not Active,Not Active,Not Active,Not Active,147.053,True,6932556715516.0,8406393829084.0
2026-07-31T01:37:12.997956,2026/07/31 01:37:12.934,0,GPU-2c3c1aab-4401-c49f-e973-2d9a530e6442,NVIDIA B200,193.82,1000.0,0.0,0.0,0.0,182625.0,183359.0,120.0,3996.0,120.0,35.0,P0,0,0,Not Active,Not Active,Not Active,Not Active,Not Active,Not Active,147.573,True,6932556715516.0,8406393829084.0
2026-07-31T01:37:13.150850,2026/07/31 01:37:13.087,0,GPU-2c3c1aab-4401-c49f-e973-2d9a530e6442,NVIDIA B200,193.81,1000.0,0.0,0.0,0.0,182625.0,183359.0,120.0,3996.0,120.0,35.0,P0,0,0,Not Active,Not Active,Not Active,Not Active,Not Active,Not Active,152.298,True,6932556715516.0,8406393829084.0
2026-07-31T01:37:13.309132,2026/07/31 01:37:13.246,0,GPU-2c3c1aab-4401-c49f-e973-2d9a530e6442,NVIDIA B200,193.75,1000.0,0.0,0.0,0.0,182625.0,183359.0,120.0,3996.0,120.0,35.0,P0,0,0,Not Active,Not Active,Not Active,Not Active,Not Active,Not Active,160.173,True,6932556715516.0,8406393829084.0
2026-07-31T01:37:13.464633,2026/07/31 01:37:13.401,0,GPU-2c3c1aab-4401-c49f-e973-2d9a530e6442,NVIDIA B200,193.73,1000.0,0.0,0.0,0.0,182625.0,183359.0,120.0,3996.0,120.0,35.0,P0,0,0,Not Active,Not Active,Not Active,Not Active,Not Active,Not Active,155.723,True,6932556715516.0,8406393829084.0
2026-07-31T01:37:13.614996,2026/07/31 01:37:13.554,0,GPU-2c3c1aab-4401-c49f-e973-2d9a530e6442,NVIDIA B200,193.75,1000.0,0.0,0.0,0.0,182625.0,183359.0,120.0,3996.0,120.0,35.0,P0,0,0,Not Active,Not Active,Not Active,Not Active,Not Active,Not Active,151.36,True,6932556715516.0,8406393829084.0
2026-07-31T01:37:14.252557,2026/07/31 01:37:14.083,0,GPU-2c3c1aab-4401-c49f-e973-2d9a530e6442,NVIDIA B200,193.81,1000.0,0.0,0.0,0.0,182625.0,183359.0,120.0,3996.0,120.0,35.0,P0,0,0,Not Active,Not Active,Not Active,Not Active,Not Active,Not Active,507.089,True,6932556715516.0,8406393829084.0
2026-07-31T01:37:14.428043,2026/07/31 01:37:14.364,0,GPU-2c3c1aab-4401-c49f-e973-2d9a530e6442,NVIDIA B200,193.84,1000.0,0.0,0.0,0.0,182625.0,183359.0,120.0,3996.0,120.0,35.0,P0,0,0,Not Active,Not Active,Not Active,Not Active,Not Active,Not Active,300.685,True,6932556715516.0,8406393829084.0
2026-07-31T01:37:14.582005,2026/07/31 01:37:14.518,0,GPU-2c3c1aab-4401-c49f-e973-2d9a530e6442,NVIDIA B200,193.82,1000.0,0.0,0.0,0.0,182625.0,183359.0,120.0,3996.0,120.0,35.0,P0,0,0,Not Active,Not Active,Not Active,Not Active,Not Active,Not Active,155.728,True,6932556715516.0,8406393829084.0
2026-07-31T01:37:14.744653,2026/07/31 01:37:14.663,0,GPU-2c3c1aab-4401-c49f-e973-2d9a530e6442,NVIDIA B200,193.78,1000.0,0.0,0.0,0.0,182625.0,183359.0,120.0,3996.0,120.0,35.0,P0,0,0,Not Active,Not Active,Not Active,Not Active,Not Active,Not Active,147.304,True,6932556715516.0,8406393829084.0
2026-07-31T01:37:14.903616,2026/07/31 01:37:14.840,0,GPU-2c3c1aab-4401-c49f-e973-2d9a530e6442,NVIDIA B200,193.75,1000.0,0.0,0.0,0.0,182625.0,183359.0,120.0,3996.0,120.0,35.0,P0,0,0,Not Active,Not Active,Not Active,Not Active,Not Active,Not Active,173.441,True,6932556715516.0,8406393829084.0
2026-07-31T01:37:15.070180,2026/07/31 01:37:15.003,0,GPU-2c3c1aab-4401-c49f-e973-2d9a530e6442,NVIDIA B200,193.76,1000.0,0.0,0.0,0.0,182625.0,183359.0,120.0,3996.0,120.0,35.0,P0,0,0,Not Active,Not Active,Not Active,Not Active,Not Active,Not Active,163.761,True,6932556715516.0,8406393829084.0
2026-07-31T01:37:15.232861,2026/07/31 01:37:15.166,0,GPU-2c3c1aab-4401-c49f-e973-2d9a530e6442,NVIDIA B200,193.78,1000.0,0.0,0.0,0.0,182625.0,183359.0,120.0,3996.0,120.0,35.0,P0,0,0,Not Active,Not Active,Not Active,Not Active,Not Active,Not Active,162.283,True,6932556715516.0,8406393829084.0
2026-07-31T01:37:15.382732,2026/07/31 01:37:15.318,0,GPU-2c3c1aab-4401-c49f-e973-2d9a530e6442,NVIDIA B200,193.77,1000.0,0.0,0.0,0.0,182625.0,183359.0,120.0,3996.0,120.0,35.0,P0,0,0,Not Active,Not Active,Not Active,Not Active,Not Active,Not Active,153.861,True,6932556715516.0,8406393829084.0
2026-07-31T01:37:15.533823,2026/07/31 01:37:15.473,0,GPU-2c3c1aab-4401-c49f-e973-2d9a530e6442,NVIDIA B200,193.77,1000.0,0.0,0.0,0.0,182625.0,183359.0,120.0,3996.0,120.0,35.0,P0,0,0,Not Active,Not Active,Not Active,Not Active,Not Active,Not Active,156.391,True,6932556715516.0,8406393829084.0
2026-07-31T01:37:15.684754,2026/07/31 01:37:15.622,0,GPU-2c3c1aab-4401-c49f-e973-2d9a530e6442,NVIDIA B200,193.77,1000.0,0.0,0.0,0.0,182625.0,183359.0,120.0,3996.0,120.0,35.0,P0,0,0,Not Active,Not Active,Not Active,Not Active,Not Active,Not Active,148.873,True,6932556715516.0,8406393829084.0
2026-07-31T01:37:15.837359,2026/07/31 01:37:15.772,0,GPU-2c3c1aab-4401-c49f-e973-2d9a530e6442,NVIDIA B200,193.79,1000.0,0.0,0.0,0.0,182625.0,183359.0,120.0,3996.0,120.0,35.0,P0,0,0,Not Active,Not Active,Not Active,Not Active,Not Active,Not Active,149.738,True,6932556715516.0,8406393829084.0
2026-07-31T01:37:15.990526,2026/07/31 01:37:15.928,0,GPU-2c3c1aab-4401-c49f-e973-2d9a530e6442,NVIDIA B200,193.76,1000.0,0.0,0.0,0.0,182625.0,183359.0,120.0,3996.0,120.0,35.0,P0,0,0,Not Active,Not Active,Not Active,Not Active,Not Active,Not Active,152.322,True,6932556715516.0,8406393829084.0
2026-07-31T01:37:16.144666,2026/07/31 01:37:16.079,0,GPU-2c3c1aab-4401-c49f-e973-2d9a530e6442,NVIDIA B200,193.74,1000.0,0.0,0.0,0.0,182625.0,183359.0,120.0,3996.0,120.0,35.0,P0,0,0,Not Active,Not Active,Not Active,Not Active,Not Active,Not Active,152.719,True,6932556715516.0,8406393829084.0
2026-07-31T01:37:16.300585,2026/07/31 01:37:16.235,0,GPU-2c3c1aab-4401-c49f-e973-2d9a530e6442,NVIDIA B200,193.75,1000.0,0.0,0.0,0.0,182625.0,183359.0,120.0,3996.0,120.0,35.0,P0,0,0,Not Active,Not Active,Not Active,Not Active,Not Active,Not Active,152.899,True,6932556715516.0,8406393829084.0
2026-07-31T01:37:16.452502,2026/07/31 01:37:16.387,0,GPU-2c3c1aab-4401-c49f-e973-2d9a530e6442,NVIDIA B200,193.76,1000.0,0.0,0.0,0.0,182625.0,183359.0,120.0,3996.0,120.0,35.0,P0,0,0,Not Active,Not Active,Not Active,Not Active,Not Active,Not Active,155.81,True,6932556715516.0,8406393829084.0
2026-07-31T01:37:16.614496,2026/07/31 01:37:16.550,0,GPU-2c3c1aab-4401-c49f-e973-2d9a530e6442,NVIDIA B200,193.78,1000.0,0.0,0.0,0.0,182625.0,183359.0,120.0,3996.0,120.0,35.0,P0,0,0,Not Active,Not Active,Not Active,Not Active,Not Active,Not Active,161.902,True,6932556715516.0,8406393829084.0
2026-07-31T01:37:16.763508,2026/07/31 01:37:16.702,0,GPU-2c3c1aab-4401-c49f-e973-2d9a530e6442,NVIDIA B200,193.79,1000.0,0.0,0.0,0.0,182625.0,183359.0,120.0,3996.0,120.0,35.0,P0,0,0,Not Active,Not Active,Not Active,Not Active,Not Active,Not Active,154.563,True,6932556715516.0,8406393829084.0
2026-07-31T01:37:16.928430,2026/07/31 01:37:16.862,0,GPU-2c3c1aab-4401-c49f-e973-2d9a530e6442,NVIDIA B200,193.78,1000.0,0.0,0.0,0.0,182625.0,183359.0,120.0,3996.0,120.0,35.0,P0,0,0,Not Active,Not Active,Not Active,Not Active,Not Active,Not Active,158.276,True,6932556715516.0,8406393829084.0
2026-07-31T01:37:17.091764,2026/07/31 01:37:17.022,0,GPU-2c3c1aab-4401-c49f-e973-2d9a530e6442,NVIDIA B200,193.8,1000.0,0.0,0.0,0.0,182625.0,183359.0,120.0,3996.0,120.0,35.0,P0,0,0,Not Active,Not Active,Not Active,Not Active,Not Active,Not Active,158.438,True,6932556715516.0,8406393829084.0
2026-07-31T01:37:17.250656,2026/07/31 01:37:17.186,0,GPU-2c3c1aab-4401-c49f-e973-2d9a530e6442,NVIDIA B200,193.82,1000.0,0.0,0.0,0.0,182625.0,183359.0,120.0,3996.0,120.0,35.0,P0,0,0,Not Active,Not Active,Not Active,Not Active,Not Active,Not Active,159.67,True,6932556715516.0,8406393829084.0
2026-07-31T01:37:17.462660,2026/07/31 01:37:17.403,0,GPU-2c3c1aab-4401-c49f-e973-2d9a530e6442,NVIDIA B200,193.87,1000.0,0.0,0.0,0.0,182625.0,183359.0,120.0,3996.0,120.0,35.0,P0,0,0,Not Active,Not Active,Not Active,Not Active,Not Active,Not Active,224.951,True,6932556715516.0,8406393829084.0
2026-07-31T01:37:17.618334,2026/07/31 01:37:17.550,0,GPU-2c3c1aab-4401-c49f-e973-2d9a530e6442,NVIDIA B200,193.85,1000.0,0.0,0.0,0.0,182625.0,183359.0,120.0,3996.0,120.0,35.0,P0,0,0,Not Active,Not Active,Not Active,Not Active,Not Active,Not Active,143.226,True,6932556715516.0,8406393829084.0
2026-07-31T01:37:17.781656,2026/07/31 01:37:17.712,0,GPU-2c3c1aab-4401-c49f-e973-2d9a530e6442,NVIDIA B200,193.86,1000.0,0.0,0.0,0.0,182625.0,183359.0,120.0,3996.0,120.0,35.0,P0,0,0,Not Active,Not Active,Not Active,Not Active,Not Active,Not Active,162.169,True,6932556715516.0,8406393829084.0
2026-07-31T01:37:17.930650,2026/07/31 01:37:17.867,0,GPU-2c3c1aab-4401-c49f-e973-2d9a530e6442,NVIDIA B200,193.88,1000.0,0.0,0.0,0.0,182625.0,183359.0,120.0,3996.0,120.0,35.0,P0,0,0,Not Active,Not Active,Not Active,Not Active,Not Active,Not Active,158.115,True,6932556715516.0,8406393829084.0
2026-07-31T01:37:18.084920,2026/07/31 01:37:18.020,0,GPU-2c3c1aab-4401-c49f-e973-2d9a530e6442,NVIDIA B200,193.86,1000.0,0.0,0.0,0.0,182625.0,183359.0,120.0,3996.0,120.0,35.0,P0,0,0,Not Active,Not Active,Not Active,Not Active,Not Active,Not Active,151.932,True,6932556715516.0,8406393829084.0
2026-07-31T01:37:18.230683,2026/07/31 01:37:18.171,0,GPU-2c3c1aab-4401-c49f-e973-2d9a530e6442,NVIDIA B200,193.84,1000.0,0.0,0.0,0.0,182625.0,183359.0,120.0,3996.0,120.0,35.0,P0,0,0,Not Active,Not Active,Not Active,Not Active,Not Active,Not Active,152.113,True,6932556715516.0,8406393829084.0
2026-07-31T01:37:18.384998,2026/07/31 01:37:18.320,0,GPU-2c3c1aab-4401-c49f-e973-2d9a530e6442,NVIDIA B200,193.79,1000.0,0.0,0.0,0.0,182625.0,183359.0,120.0,3996.0,120.0,35.0,P0,0,0,Not Active,Not Active,Not Active,Not Active,Not Active,Not Active,148.333,True,6932556715516.0,8406393829084.0
2026-07-31T01:37:18.547416,2026/07/31 01:37:18.477,0,GPU-2c3c1aab-4401-c49f-e973-2d9a530e6442,NVIDIA B200,193.78,1000.0,0.0,0.0,0.0,182625.0,183359.0,120.0,3996.0,120.0,35.0,P0,0,0,Not Active,Not Active,Not Active,Not Active,Not Active,Not Active,156.202,True,6932556715516.0,8406393829084.0
2026-07-31T01:37:18.701606,2026/07/31 01:37:18.640,0,GPU-2c3c1aab-4401-c49f-e973-2d9a530e6442,NVIDIA B200,193.79,1000.0,0.0,0.0,0.0,182625.0,183359.0,120.0,3996.0,120.0,35.0,P0,0,0,Not Active,Not Active,Not Active,Not Active,Not Active,Not Active,159.58,True,6932556715516.0,8406393829084.0
2026-07-31T01:37:18.855873,2026/07/31 01:37:18.793,0,GPU-2c3c1aab-4401-c49f-e973-2d9a530e6442,NVIDIA B200,193.8,1000.0,0.0,0.0,0.0,182625.0,183359.0,120.0,3996.0,120.0,35.0,P0,0,0,Not Active,Not Active,Not Active,Not Active,Not Active,Not Active,157.366,True,6932556715516.0,8406393829084.0
2026-07-31T01:37:19.003652,2026/07/31 01:37:18.943,0,GPU-2c3c1aab-4401-c49f-e973-2d9a530e6442,NVIDIA B200,193.77,1000.0,0.0,0.0,0.0,182625.0,183359.0,120.0,3996.0,120.0,35.0,P0,0,0,Not Active,Not Active,Not Active,Not Active,Not Active,Not Active,150.6,True,6932556715516.0,8406393829084.0
2026-07-31T01:37:19.165661,2026/07/31 01:37:19.097,0,GPU-2c3c1aab-4401-c49f-e973-2d9a530e6442,NVIDIA B200,193.78,1000.0,0.0,0.0,0.0,182625.0,183359.0,120.0,3996.0,120.0,35.0,P0,0,0,Not Active,Not Active,Not Active,Not Active,Not Active,Not Active,152.094,True,6932556715516.0,8406393829084.0
2026-07-31T01:37:19.320049,2026/07/31 01:37:19.255,0,GPU-2c3c1aab-4401-c49f-e973-2d9a530e6442,NVIDIA B200,193.77,1000.0,0.0,0.0,0.0,182625.0,183359.0,120.0,3996.0,120.0,35.0,P0,0,0,Not Active,Not Active,Not Active,Not Active,Not Active,Not Active,160.478,True,6932556715516.0,8406393829084.0
2026-07-31T01:37:19.971238,2026/07/31 01:37:19.761,0,GPU-2c3c1aab-4401-c49f-e973-2d9a530e6442,NVIDIA B200,193.78,1000.0,0.0,0.0,0.0,182625.0,183359.0,120.0,3996.0,120.0,35.0,P0,0,0,Not Active,Not Active,Not Active,Not Active,Not Active,Not Active,479.422,True,6932556715516.0,8406393829084.0
2026-07-31T01:37:20.130192,2026/07/31 01:37:20.066,0,GPU-2c3c1aab-4401-c49f-e973-2d9a530e6442,NVIDIA B200,193.82,1000.0,0.0,0.0,0.0,182625.0,183359.0,120.0,3996.0,120.0,35.0,P0,0,0,Not Active,Not Active,Not Active,Not Active,Not Active,Not Active,329.75,True,6932556715516.0,8406393829084.0
2026-07-31T01:37:20.288137,2026/07/31 01:37:20.219,0,GPU-2c3c1aab-4401-c49f-e973-2d9a530e6442,NVIDIA B200,193.79,1000.0,0.0,0.0,0.0,182625.0,183359.0,120.0,3996.0,120.0,35.0,P0,0,0,Not Active,Not Active,Not Active,Not Active,Not Active,Not Active,154.297,True,6932556715516.0,8406393829084.0
2026-07-31T01:37:20.432279,2026/07/31 01:37:20.369,0,GPU-2c3c1aab-4401-c49f-e973-2d9a530e6442,NVIDIA B200,193.79,1000.0,0.0,0.0,0.0,182625.0,183359.0,120.0,3996.0,120.0,35.0,P0,0,0,Not Active,Not Active,Not Active,Not Active,Not Active,Not Active,150.961,True,6932556715516.0,8406393829084.0
2026-07-31T01:37:20.586695,2026/07/31 01:37:20.522,0,GPU-2c3c1aab-4401-c49f-e973-2d9a530e6442,NVIDIA B200,193.76,1000.0,0.0,0.0,0.0,182625.0,183359.0,120.0,3996.0,120.0,35.0,P0,0,0,Not Active,Not Active,Not Active,Not Active,Not Active,Not Active,152.095,True,6932556715516.0,8406393829084.0
2026-07-31T01:37:20.738856,2026/07/31 01:37:20.674,0,GPU-2c3c1aab-4401-c49f-e973-2d9a530e6442,NVIDIA B200,193.76,1000.0,0.0,0.0,0.0,182625.0,183359.0,120.0,3996.0,120.0,35.0,P0,0,0,Not Active,Not Active,Not Active,Not Active,Not Active,Not Active,150.747,True,6932556715516.0,8406393829084.0
2026-07-31T01:37:20.905518,2026/07/31 01:37:20.835,0,GPU-2c3c1aab-4401-c49f-e973-2d9a530e6442,NVIDIA B200,193.74,1000.0,0.0,0.0,0.0,182625.0,183359.0,120.0,3996.0,120.0,35.0,P0,0,0,Not Active,Not Active,Not Active,Not Active,Not Active,Not Active,161.068,True,6932556715516.0,8406393829084.0
2026-07-31T01:37:21.057900,2026/07/31 01:37:20.993,0,GPU-2c3c1aab-4401-c49f-e973-2d9a530e6442,NVIDIA B200,193.71,1000.0,0.0,0.0,0.0,182625.0,183359.0,120.0,3996.0,120.0,35.0,P0,0,0,Not Active,Not Active,Not Active,Not Active,Not Active,Not Active,159.493,True,6932556715516.0,8406393829084.0
2026-07-31T01:37:21.233856,2026/07/31 01:37:21.149,0,GPU-2c3c1aab-4401-c49f-e973-2d9a530e6442,NVIDIA B200,193.74,1000.0,0.0,0.0,0.0,182625.0,183359.0,120.0,3996.0,120.0,35.0,P0,0,0,Not Active,Not Active,Not Active,Not Active,Not Active,Not Active,156.162,True,6932556715516.0,8406393829084.0
2026-07-31T01:37:21.387157,2026/07/31 01:37:21.323,0,GPU-2c3c1aab-4401-c49f-e973-2d9a530e6442,NVIDIA B200,193.72,1000.0,0.0,0.0,0.0,182625.0,183359.0,120.0,3996.0,120.0,35.0,P0,0,0,Not Active,Not Active,Not Active,Not Active,Not Active,Not Active,170.229,True,6932556715516.0,8406393829084.0
2026-07-31T01:37:21.549907,2026/07/31 01:37:21.489,0,GPU-2c3c1aab-4401-c49f-e973-2d9a530e6442,NVIDIA B200,193.72,1000.0,0.0,0.0,0.0,182625.0,183359.0,120.0,3996.0,120.0,35.0,P0,0,0,Not Active,Not Active,Not Active,Not Active,Not Active,Not Active,157.188,True,6932556715516.0,8406393829084.0
2026-07-31T01:37:21.713643,2026/07/31 01:37:21.649,0,GPU-2c3c1aab-4401-c49f-e973-2d9a530e6442,NVIDIA B200,193.72,1000.0,0.0,0.0,0.0,182625.0,183359.0,120.0,3996.0,120.0,35.0,P0,0,0,Not Active,Not Active,Not Active,Not Active,Not Active,Not Active,156.909,True,6932556715516.0,8406393829084.0
2026-07-31T01:37:21.870647,2026/07/31 01:37:21.805,0,GPU-2c3c1aab-4401-c49f-e973-2d9a530e6442,NVIDIA B200,193.7,1000.0,0.0,0.0,0.0,182625.0,183359.0,120.0,3996.0,120.0,35.0,P0,0,0,Not Active,Not Active,Not Active,Not Active,Not Active,Not Active,171.256,True,6932556715516.0,8406393829084.0
2026-07-31T01:37:22.032855,2026/07/31 01:37:21.966,0,GPU-2c3c1aab-4401-c49f-e973-2d9a530e6442,NVIDIA B200,193.74,1000.0,0.0,0.0,0.0,182625.0,183359.0,120.0,3996.0,120.0,35.0,P0,0,0,Not Active,Not Active,Not Active,Not Active,Not Active,Not Active,159.141,True,6932556715516.0,8406393829084.0
